sys_key,name,account,bets,pl_bf,roi_pct
noggin:66,SS AW WON HIGHER CLASS 8.01-1000.00,noggin,127,270.61699999999996,213.08
noggin:64,FIRST RUN OF SEASON,noggin,107,152.316,142.35
noggin3:23,SS 4YO 5F 5.5F 9.01 - 1000.00,noggin3,164,190.10999999999999,115.92
noggin:23,SS 4YO 5F 5.5F 9.01 - 1000.00,noggin,164,190.10999999999999,115.92
noggin5:97,SS 4YO GB STRAIGHTS UK,noggin5,224,249.00649999999996,111.16
noggin:33,SS Ed WALKER 1 LH DSLR,noggin,120,132.14499999999998,110.12
noggin:2,7YO 8YO FLAT - NH LTO,noggin,188,200.9965,106.91
noggin2:39,Elliott Gordon Hurdles NH Flat ALL BSPs,noggin2,201,214.526,106.73
noggin5:34,Bev EllisonB,noggin5,108,112.441,104.11
noggin:89,SS HDGRdiff 80.01 - 250.00,noggin,149,145.60000000000002,97.72
noggin4:65,RYAN K 6-11 Runs Code 2.01 - 80.00,noggin4,128,124.06349999999999,96.92
noggin4:7,2YOs 1 Horse at Track 9.01 - 1000.00,noggin4,374,357.8745,95.69
noggin3:28,UK TURF VISOR 30.01 - 65.00,noggin3,432,376.9155,87.25
noggin:9,SS HDGRdiff JAN-APRIL 8.01 - 1000.00,noggin,211,181.176,85.87
noggin4:23,TRESEARCH - JockClaim v LTO,noggin4,282,199.54399999999998,70.76
noggin5:62,9YOs 10YOs 9YOs 10YOs,noggin5,190,128.87050000000002,67.83
noggin3:71,5YO SPRINTS,noggin3,436,284.324,65.21
noggin3:94,FMs FLAT JUNE 9.01 - 200.00 diff HDGR,noggin3,195,124.53399999999999,63.86
noggin:34,SS Ed WALKER 2 STRTs,noggin,125,79.776,63.82
noggin3:13,SS 2YOs JUL-SEP 18.01 - 1000.00,noggin3,404,257.2915,63.69
noggin:67,SS NH C WINNER 30.01 - 1000.00,noggin,138,80.624,58.42
noggin:39,TURF 5lb 7lb JOCK MAY AUG SEP,noggin,152,85.41449999999999,56.19
noggin:65,5YO 6f AUTUMN,noggin,500,280.2595,56.05
noggin2:21,HDGRdiff class6 - 7 BSP12.01-300,noggin2,1145,639.5635,55.86
noggin:7,7YO FLAT part 1A not GB,noggin,245,135.42849999999999,55.28
noggin:56,SS FT HCP 6f-7f 26.01 - 1000.00,noggin,447,240.02999999999997,53.7
noggin:44,AW LTO WLTO 3YO-7YO,noggin,511,271.7425,53.18
noggin:20,7YOs AW LTO LL,noggin,577,292.992,50.78
noggin3:89,SS AW 6F HDGRdiff 8.01 - 65.00,noggin3,109,54.13749999999999,49.67
noggin3:49,4YO STRAIGHTS 12.01 - 1000.00,noggin3,5120,2498.4404999999997,48.8
noggin5:26,CHELT IRISH 2023,noggin5,259,121.5715,46.94
noggin3:60,STRs 10 DSLR or less,noggin3,2407,1118.8505,46.48
noggin3:38,CHEP 2021 STRAIGHTS 6YO 7YO 2021,noggin3,340,153.69449999999998,45.2
noggin:99,SS HDGRdiff STRTs 7.01 - 500.00,noggin,381,171.0645,44.9
noggin5:57,SS FLAT NewTRNR 0-6 RUNS 3.01 - 65.00,noggin5,273,121.49149999999999,44.5
noggin3:21,4YO LH GB UK,noggin3,206,91.61449999999999,44.47
noggin3:90,4YO STR 8.01 - 1000.00,noggin3,5262,2327.4535,44.23
noggin3:26,UK TURF VISOR 29.01 - 105.00,noggin3,273,117.976,43.21
noggin:35,SS 4YO STRAIGHTS all BSPs Jan-June,noggin,1057,454.431,42.99
noggin5:27,TURF HDGR LTO noHDGR 4.5 -500.00,noggin5,1224,510.89399999999995,41.74
noggin3:33,SS TURF 6YOs,noggin3,649,270.705,41.71
noggin:17,GELDED 7.01 - 65.00,noggin,333,138.12,41.48
noggin:87,MM NH CARLISLE 2.01 - 100.00,noggin,159,63.66549999999999,40.04
noggin2:48,SS NH NEWBURY,noggin2,120,47.3285,39.44
noggin5:74,Ascot STR 5f - 7f 4YO,noggin5,180,69.03999999999999,38.36
noggin5:16,NH HDGRdiff 10.01 - 300.00,noggin5,643,246.24699999999999,38.3
noggin:54,4YO LL HDGR,noggin,131,49.128,37.5
noggin4:47,DSLR x2 pref 16.01 - 1000.00,noggin4,190,69.529,36.59
noggin2:49,SS NH CHP LTO 2.01 - 300.00,noggin2,674,239.80050000000003,35.58
noggin:38,SS AW LTO WLTO 3YO-7YO v1,noggin,264,93.31249999999999,35.35
noggin4:45,SS FLAT Cork HDGRdiff,noggin4,103,34.375499999999995,33.37
noggin2:1,MM AW FTO 2.01 - 40.00 AW,noggin2,408,134.82649999999998,33.05
noggin2:13,SS NH CHP LTO 2.01 - 300.00 IRE,noggin2,793,255.379,32.2
noggin5:53,0 Runs TR  all BSPs,noggin5,212,67.37199999999999,31.78
noggin5:28,Chepstow 7YOs,noggin5,300,93.88949999999998,31.3
noggin3:77,UK FLAT 6YOs 26.01 - 1000.00,noggin3,681,206.894,30.38
noggin4:40,SS Blinkers Turf UK 8.01 - 1000.00,noggin4,695,210.652,30.31
noggin3:86,3YO UP CLASS,noggin3,191,57.8515,30.29
noggin5:44,SS 4.50 - 65.00 1-2 CODE RUNS,noggin5,324,96.8255,29.88
noggin5:79,Hamilton SPRINTS,noggin5,136,40.626,29.87
noggin4:61,DSLR and 2ndLR v2 10.01 - 400.00,noggin4,1797,529.3064999999999,29.46
noggin2:86,Bin Suroor 4YO 5YO,noggin2,153,43.728,28.58
noggin2:56,SS AW NEWC STR 4YOs 12.01 - 1000.00,noggin2,335,95.10049999999998,28.39
noggin5:88,2021 9YOs 10YOs all BSPs,noggin5,146,41.31450000000001,28.3
noggin2:11,HDGRdiff class6 - 7,noggin2,1875,524.953,28.0
noggin2:81,SS NH DONCASTER SS 02.03.24,noggin2,228,63.428999999999995,27.82
noggin5:64,SS NH 2018 15 CAREER RUNS v1,noggin5,246,67.719,27.53
noggin2:2,SS MM AW FIRST RUN TRAINER 10.01 -30.00,noggin2,503,137.0625,27.25
noggin:95,SS STRTs DRAW Q1 Q4 10.01 - 1000.00,noggin,521,141.04899999999998,27.07
noggin:75,MM NH 0-7 runs HDGR 4.01 - 1000,noggin,4132,1118.5129999999997,27.07
noggin4:90,SS HDGRdiff 14.01 - 50.00,noggin4,1118,302.255,27.04
noggin2:47,NewmR ApplebyC,noggin2,490,130.071,26.55
noggin3:18,UK TURF VISOR str 14.01 - 100.00 7f 5YO plus only,noggin3,339,89.625,26.44
noggin3:91,FMs FLAT JUNE AW LTO 5.01 - 200.00,noggin3,855,224.65499999999997,26.28
noggin2:44,NH NAAS,noggin2,117,29.551,25.26
noggin2:61,IRE NH RH TRACKS 12.01 - 65.00,noggin2,650,162.713,25.03
noggin:42,4YO STRAIGHTS,noggin,5273,1316.7975,24.97
noggin:32,SS TURF 4YO 7furlongs v1,noggin,298,73.42349999999998,24.64
noggin2:35,GoldieJS 2021,noggin2,283,69.40799999999999,24.53
noggin5:73,Chest WilliamsI,noggin5,178,43.37549999999999,24.37
noggin2:64,SS AW 6f 6YO - 9YO all BSPs,noggin2,156,37.8455,24.26
noggin2:26,SS DUNDALK 8YOs SS,noggin2,144,34.80299999999999,24.17
noggin3:99,FMs NH JUNE 9.01 - 200.00 IRE,noggin3,248,58.9845,23.78
noggin4:24,SS 13 DOWN LAST 10,noggin4,230,53.422999999999995,23.23
noggin5:63,SS AW 7f 2yo3yo 8.01 - 500.00,noggin5,777,180.3815,23.22
noggin2:94,ss YARM HDGR Diff all BSPs,noggin2,330,76.10799999999999,23.06
noggin5:21,SS AW 7f 2yo3yo 8.01 - 500.00 v1,noggin5,638,145.41649999999998,22.79
noggin2:32,Evans PD,noggin2,330,74.92349999999999,22.7
noggin3:7,SS BecketRM HDGRdif 2.01 - 50.00,noggin3,227,50.05349999999999,22.05
noggin5:100,SS HDGR none BLKRS LTO all BSPs,noggin5,403,88.453,21.95
noggin5:60,ss 9YO 10YO 11YOs  NH,noggin5,326,71.087,21.81
noggin2:14,SS NH CHP LTO GB and FR 2.01 - 300.00,noggin2,119,25.894999999999996,21.76
noggin4:81,3YO first run of season v2 see N4-36,noggin4,582,126.1405,21.67
noggin3:29,UK TURF HOOD 9.01 - 65.00,noggin3,403,86.78750000000001,21.54
noggin2:28,IRISH FLAT FMs 10.00-500.00,noggin2,141,29.794499999999992,21.13
noggin:94,IRISH FLAT FM 10.01 - 200.00,noggin,2422,510.8069999999999,21.09
noggin2:34,FaheyR FAVs,noggin2,123,25.5265,20.75
noggin:16,7YO FLAT Aug - Nov,noggin,150,30.741999999999994,20.49
noggin5:71,Chest BaldingAM,noggin5,314,63.692499999999995,20.28
noggin5:22,NH BottomWeights 10.00 - 400.00,noggin5,957,190.94999999999996,19.95
noggin2:84,MidgleyPT 5F 2021 see Tracks,noggin2,598,116.68549999999999,19.51
noggin4:6,NH CHP LTO 3.01 - 300 v3,noggin4,2349,456.6855,19.44
noggin3:55,355 7YO M,noggin3,2153,405.31449999999995,18.83
noggin5:2,NH 2.01 - 500.00 5lbs LTO 2.01 to 125to1,noggin5,1086,202.4265,18.64
noggin3:30,YORK MAY MEETING,noggin3,164,27.869999999999994,16.99
noggin5:15,C Placed NH GB IRE 0lbs LTO,noggin5,1231,207.80749999999995,16.88
noggin4:91,BF AW 6.01 - 300.00,noggin4,432,71.5435,16.56
noggin:11,SS MM HDGRdiff GB NH AW clss5and6 5.51 - 100.00,noggin,166,26.975499999999993,16.25
noggin4:87,FLAT 0 RUNS FMs 3.51 - 330.00,noggin4,1695,269.0985,15.88
noggin:15,SS SouthwellAW 7f,noggin,179,27.810499999999994,15.54
noggin:53,NEWTONclaude,noggin,234,36.346999999999994,15.53
noggin:43,SS Ed WALKER 3 STRTs not 6f,noggin,236,36.47749999999999,15.46
noggin2:43,SS HDGR 1-5 DSLR BSP 3.51-1000.00,noggin2,294,45.003,15.31
noggin:46,SS MM NH Class 5 6 UK only All BSPs MM,noggin,462,70.55449999999999,15.27
noggin4:79,SS NH Plumpton HDGRdiff 2.01 - 150.00,noggin4,147,21.796499999999998,14.83
noggin5:45,Leicester DRAW,noggin5,2289,326.9215,14.28
noggin4:34,NH CHP LTO v3 10.01 - 300.00,noggin4,2975,423.6304999999999,14.24
noggin3:40,40 IMPROVER,noggin3,285,40.412,14.18
noggin2:55,SS AW 1 RUN 5.01 - 100.00,noggin2,723,102.45299999999999,14.17
noggin3:56,Maidens 1 run,noggin3,490,69.28549999999998,14.14
noggin5:1,SS NH Diff HDGR Diff CODE,noggin5,422,59.355499999999985,14.07
noggin4:72,SS 4YO GB straits 2023,noggin4,1234,169.65599999999998,13.75
noggin3:59,7YO 8YO 46+ DSLWR,noggin3,964,131.04199999999997,13.59
noggin5:3,SS TT 5.01 - 100.00,noggin5,1424,182.11299999999997,12.79
noggin4:27,AW 2YO GB AW COMP pt1,noggin4,1373,175.02399999999994,12.75
noggin3:95,FMs FLAT JUNE 9.01 - 80.00,noggin3,2828,350.91749999999996,12.41
noggin4:88,SS HDGRdiff Draw 13plus SOF 7.01 - 1000.00,noggin4,1230,150.58249999999998,12.24
noggin2:76,SHORT TRAVELLERS 6.01 - 400.00,noggin2,1133,133.84699999999998,11.81
noggin2:37,GosdenJHM 4YOs 5YOs,noggin2,661,74.5085,11.27
noggin:1,2024 7YOs BASE 2024,noggin,213,23.979499999999998,11.26
noggin3:72,NH DSLR SUN Female,noggin3,779,87.06449999999998,11.18
noggin4:68,SS VISOR 10.01 - 400.00,noggin4,494,54.45749999999999,11.02
noggin3:50,NH NEW TRAINER 18.00-150.00,noggin3,1198,130.58499999999998,10.9
noggin3:27,SS AW JockClaim v LTO 3.01 - 99.00,noggin3,648,70.50599999999999,10.88
noggin3:79,4YO---------------------,noggin3,5377,566.2734999999998,10.53
noggin4:3,N4-97 0 RUNS HDGR NH COMP 6.01 - 300.00,noggin4,4384,440.7929999999999,10.05
noggin4:35,10 down CHP 2.01 - 65.00,noggin4,2634,262.39399999999995,9.96
noggin3:39,SS TURF 5YOs FTO,noggin3,275,26.94899999999999,9.8
noggin2:5,HDGRdiff FLAT AW 8.01 - 80.00,noggin2,3712,344.0869999999999,9.27
noggin5:41,HDGR DIFF v3 9.01 - 200.00,noggin5,1056,93.25499999999998,8.83
noggin3:2,SS 6f FTO APRIL,noggin3,176,15.272999999999996,8.68
noggin3:58,NEW TRAINER 2.01-30.00,noggin3,1503,128.00199999999998,8.52
noggin:84,ss HDGRdiff IRE horses SPRING all BSPs,noggin,684,58.17899999999998,8.51
noggin5:51,SS Aug Sep 2yo3yo4yo pt1 6.01 - 1000.00,noggin5,340,28.37299999999999,8.34
noggin5:91,NH FMs 61-240DSLR 30.00-300.00,noggin5,316,25.37100000000001,8.03
noggin4:51,0 RUNS IRE FR v2 12.01 - 300.00,noggin4,5386,432.08949999999993,8.02
noggin2:33,EvansPD Chp Blnkers,noggin2,120,9.629499999999997,8.02
noggin4:50,SS HDGR diff 3.50 - 80.01,noggin4,1248,97.98999999999998,7.85
noggin2:77,MidgleyPT 5F 2021,noggin2,391,30.41899999999999,7.78
noggin3:65,TR ONE HORSE at TRACK 12.01 - 65.00,noggin3,4054,307.79049999999995,7.59
noggin4:58,SS OBRIEN AIDEN IRELAND,noggin4,141,10.652999999999997,7.56
noggin2:6,SS D & G winners v1,noggin2,132,9.77,7.4
noggin:13,4YO FMs JUNE,noggin,183,13.466500000000002,7.36
noggin:60,1m2f - 2m.5f hood blinkers,noggin,1891,134.84399999999997,7.13
noggin3:93,AW NEW TRAINER 9.00 - 300.00,noggin3,850,54.900999999999996,6.46
noggin5:82,Hamil 6f,noggin5,106,6.7879999999999985,6.4
noggin2:4,NH HDGRdiff 10.01 - 400.00,noggin2,1711,108.11900000000001,6.32
noggin3:45,SS 7YO 1 RUN SEASON 1m - 2m4f,noggin3,210,13.242999999999991,6.31
noggin4:32,10 plus higher win OR EV - 29,noggin4,5063,312.8984999999999,6.18
noggin4:53,BLINKERS 5.01 -1000.00,noggin4,4735,285.77849999999995,6.04
noggin2:31,D&G 7.01 - 300.00,noggin2,649,38.648499999999984,5.96
noggin:6,4YO HDGR FT,noggin,290,16.352499999999992,5.64
noggin3:83,SS STRs 10 DSLR or less V1,noggin3,1314,70.29349999999997,5.35
noggin3:51,351 D SOF M,noggin3,10000,527.5139999999998,5.28
noggin3:92,UK BLINKERS 10.01 - 150.00,noggin3,583,30.810000000000006,5.28
noggin4:42,IRE NH DSLR and 2ndLR 5.01 -1000.00,noggin4,1500,77.78999999999998,5.19
noggin4:10,HDGR visor 5YO 9.01 - 100.00,noggin4,570,29.406499999999994,5.16
noggin4:8,HDGRdiff Class 6 14.01-80.00,noggin4,3700,190.61099999999996,5.15
noggin:27,SS MM DUNDALK MM 2.01 - 100.00,noggin,398,20.40199999999998,5.13
noggin:79,NH HDGRDiff 6.01 - 1000.00 CHP and NONE,noggin,1629,81.79599999999998,5.02
noggin4:59,NH CHP LTO v3 2.01 - 1000.00,noggin4,4119,200.35499999999996,4.86
noggin3:31,TURF STRAIGHTS GB WEEK 16 - 24 9.01 - 1000.00,noggin3,1956,94.41599999999997,4.83
noggin:47,FIRST RUN NEW TRAINER ALL BSPs,noggin,1276,60.76449999999998,4.76
noggin4:57,AW CHP LTO 2 to 80,noggin4,2194,103.70949999999996,4.73
noggin4:44,SS AW TURF LTO 0lb Claim LTO all BSPs,noggin4,108,4.676500000000001,4.33
noggin4:62,NH CHP LTO,noggin4,9363,347.3599999999998,3.71
noggin:24,MM IRISH NH 9.01 - 200.00,noggin,1848,66.41149999999993,3.59
noggin3:98,FMs FLAT JUNE 5.01 - 80.00,noggin3,3053,109.53099999999992,3.59
noggin4:36,3YO first run of season,noggin4,984,22.6085,2.3
noggin4:11,SS HDGR DIFF NH IRE 8yo All BSPs,noggin4,496,10.994499999999995,2.22
noggin5:90,NEW TR FT 3.50 - 500.00,noggin5,1345,29.914999999999985,2.22
noggin:100,DD CLASS DOWN v1,noggin,540,11.18099999999998,2.07
noggin4:38,NH 0 RUNS 6.01 - 270.00,noggin4,4801,98.99449999999989,2.06
noggin4:26,0 RUNS IRE FR 12.01 - 80.00,noggin4,6076,120.46999999999994,1.98
noggin:12,NH D&G All BSPs,noggin,852,16.79749999999999,1.97
noggin4:13,NH CHP LTO v3,noggin4,5097,96.97699999999989,1.9
noggin4:60,SS OBRIEN AIDEN main tracks,noggin4,112,2.0074999999999994,1.79
noggin2:93,2012 Williams I 2021,noggin2,826,13.174999999999997,1.6
noggin3:74,SS 4YO Gelding 5f-7f 16-25 DSLR,noggin3,1182,18.060999999999947,1.53
noggin5:10,JClaim v LTO 6.01 - 150.00,noggin5,6125,86.18399999999986,1.41
noggin:74,EBOR GB 8.01 PLUS,noggin,122,1.5579999999999998,1.28
noggin5:39,HDGR DIFF v2 14.01 - 80.00,noggin5,4550,50.42599999999991,1.11
noggin:50,4YO STRAIGHTS 0 DIST WINS,noggin,1318,12.575499999999977,0.95
noggin4:41,DSLR and 2ndLR 12.0 to 35.0 BSP,noggin4,2995,23.192999999999966,0.77
noggin2:70,SS MM CLASS 1-3 ClaimJock 14.01 - 65.00,noggin2,591,4.127999999999991,0.7
noggin4:54,APPLEBY M 2YO-4YOs,noggin4,355,1.8659999999999934,0.53
noggin:25,SS MM NH 6-36 RUNS 12.01 - 300.00,noggin,1532,6.1329999999999885,0.4
noggin3:53,53 6YO-7YO LL 5F 5.5F,noggin3,467,1.4464999999999897,0.31
noggin:98,MM IRISH FLAT 6.01 -200.00 HDGR max 40.00,noggin,1042,-0.6835000000000289,-0.07
noggin:5,2021 7YOs BASE 2021,noggin,501,-0.977500000000024,-0.2
noggin2:51,SS NH 1 RUN 8.01 - 50.00,noggin2,502,-1.8040000000000003,-0.36
noggin2:69,HDGRdiff 5YO-8YO 10.5-65.00,noggin2,1685,-6.474000000000009,-0.38
noggin3:70,SEVENS,noggin3,3124,-12.928000000000079,-0.41
noggin2:7,IRE HDGRdiff,noggin2,2955,-14.999000000000038,-0.51
noggin2:38,Gosden JHM Part 3,noggin2,560,-4.570500000000003,-0.82
noggin:97,MM NH 10.01 - 80.00,noggin,4181,-34.88250000000009,-0.83
noggin4:97,0 RUNS HDGR NH COMP,noggin4,10000,-83.94350000000017,-0.84
noggin4:96,C Placed NH v2 5.01 - 1000.00,noggin4,7928,-75.8185000000002,-0.96
noggin2:30,Gosden 1m - 1m6f,noggin2,887,-19.40900000000002,-2.19
noggin4:21,SS Bath HDGRdiff,noggin4,307,-6.7915000000000125,-2.21
noggin2:89,SS WINDOP FTO and WINDOP1RUN 10.01-1000.00,noggin2,738,-16.646000000000004,-2.26
noggin4:14,SS NH 8YO HDGRdiff 2.01 - 40.00,noggin4,278,-6.735000000000005,-2.42
noggin4:67,SS 3 Down CHP 7.01 - 200.00,noggin4,573,-15.759500000000013,-2.75
noggin4:37,1 down VISOR 10.01 - 65.00,noggin4,3352,-94.73800000000004,-2.83
noggin2:85,Bin Suroor 2YO TURF,noggin2,139,-4.398000000000003,-3.16
noggin:29,7YO FLAT 0 or 1 runs season,noggin,483,-15.583499999999995,-3.23
noggin:90,MM AW SOUTHWELL 7.01 - 50.00 MM,noggin,456,-14.788500000000013,-3.24
noggin4:85,SS week 28-38 7.01 - 80.00,noggin4,351,-11.533500000000018,-3.29
noggin4:100,SEP 1 - 60 DSLR 2YO 3YO,noggin4,668,-22.575500000000012,-3.38
noggin:96,IRISH FLAT FM v1 11.01 - 200.00,noggin,518,-22.083000000000027,-4.26
