RTime	Date	track	Qualifier	Odds_Numeric	Odds_Exchange	Race_Type	Position	Runners	Jockey	Trainer	Age	DaysSinceRun	
"15:20:00"	"2026-06-28"	"Curragh"	"Geryon (IRE)"	"16.00"	"19.5"	"Non-Handicap"	"4"	"7"	"Carroll, G F"	"Lyons, G M"	"3"	"21"
"14:10:00"	"2026-06-28"	"Curragh"	"Temperance (IRE)"	"80.00"	"171.71"	"Non-Handicap"	"6"	"9"	"Hayes, C D"	"McGivern, Miss"	"4"	"353"
"17:40:00"	"2026-06-27"	"Curragh"	"Focaccia (IRE)"	"50.00"	"100"	"Maiden"	"7"	"20"	"Slattery, A J"	"Stack, J A"	"3"	"24"
"14:45:00"	"2026-06-27"	"Curragh"	"Shes Too Kool (IRE)"	"40.00"	"50.62"	"Handicap"	"11"	"11"	"Cleary, R P"	"OConnell, Ms Claire"	"3"	"22"
"17:05:00"	"2026-06-26"	"Curragh"	"Karrygrant (IRE)"	"12.00"	"20"	"Maiden"	"3"	"13"	"Coen, Ben M"	"Murtagh, J P"	"3"	"25"
"20:25:00"	"2026-06-03"	"Curragh"	"Poweracclaim (IRE)"	"9.00"	"16.5"	"Handicap"	"4"	"20"	"Heffernan, J A"	"Murtagh, J P"	"4"	"25"
"16:40:00"	"2026-06-03"	"Curragh"	"Enthusiastically (IRE)"	"22.00"	"34.92"	"Handicap"	"18"	"18"	"McMonagle, Dylan B"	"Hayes, Sean"	"3"	"82"
"17:40:00"	"2026-05-24"	"Curragh"	"Kilmeaden (IRE)"	"7.00"	"8.58"	"Handicap"	"3"	"24"	"Harnett, P A"	"Obrien, Donnacha"	"4"	"21"
"17:40:00"	"2026-05-24"	"Curragh"	"Trubshaw"	"18.00"	"33.47"	"Handicap"	"15"	"24"	"Hill, Gabriella Adela"	"Bromhead, Henry De"	"4"	"29"
"16:50:00"	"2026-05-23"	"Curragh"	"Nakamura (IRE)"	"22.00"	"35.1"	"Handicap"	"8"	"13"	"McGettigan, P"	"Murtagh, J P"	"3"	"14"
"16:15:00"	"2026-05-23"	"Curragh"	"Causeway (IRE)"	"0.83"	"1.88"	"Non-Handicap"	"1"	"9"	"Moore, Ryan"	"OBrien, A P"	"3"	"19"
"15:35:00"	"2026-05-04"	"Curragh"	"Caught U Sleeping (IRE)"	"50.00"	"95"	"Non-Handicap"	"8"	"12"	"Coen, Ben M"	"Meade, Noel"	"3"	"22"
"15:00:00"	"2026-05-04"	"Curragh"	"Spinning Around (IRE)"	"8.00"	"9.22"	"Handicap"	"1"	"12"	"Harnett, P A"	"Obrien, Donnacha"	"3"	"38"
"17:20:00"	"2026-04-19"	"Curragh"	"Venetian Star (IRE)"	"25.00"	"46"	"Handicap"	"4"	"13"	"Coen, Ben M"	"Foley, Patrick T"	"3"	"203"
"16:45:00"	"2026-04-19"	"Curragh"	"Hexagonal (IRE)"	"40.00"	"100.74"	"Handicap"	"8"	"17"	"Sheridan, J M"	"Hogan, Denis Gerard"	"5"	"11"
"16:45:00"	"2026-04-19"	"Curragh"	"Local Lad (IRE)"	"40.00"	"69.66"	"Handicap"	"15"	"17"	"Rutledge, Siobhan"	"Bunyan, Darren / OLeary, G"	"4"	"165"
"15:00:00"	"2026-04-19"	"Curragh"	"Eichan San (IRE)"	"14.00"	"19.64"	"Handicap"	"4"	"21"	"Lima, Diego"	"Murphy, Daniel"	"4"	"22"
"13:57:00"	"2026-04-03"	"Curragh"	"Nancy J (IRE)"	"25.00"	"44"	"Handicap"	"13"	"16"	"Coen, Ben M"	"Murtagh, J P"	"4"	"252"
"17:30:00"	"2026-03-15"	"Curragh"	"Your Out Of Line (IRE)"	"40.00"	"70"	"Handicap"	"15"	"26"	"OConnor, Donagh"	"OSullivan, Ross"	"5"	"25"
"17:30:00"	"2026-03-15"	"Curragh"	"Kilmood Susan (IRE)"	"28.00"	"42.65"	"Handicap"	"22"	"26"	"Joyce, Wesley"	"Mulvany, Michael"	"4"	"165"
"14:30:00"	"2025-11-02"	"Curragh"	"Bottlersecret (IRE)"	"18.00"	"24"	"Non-Handicap"	"6"	"10"	"Burns, Ms N"	"Melia, Aidan"	"5"	"14"
"17:00:00"	"2025-10-21"	"Curragh"	"Promo Queen (IRE)"	"80.00"	"290"	"Handicap"	"25"	"25"	"Powell, J A"	"Timmons, C D"	"4"	"298"
"15:52:00"	"2025-10-21"	"Curragh"	"Edge Of Seventeen (IRE)"	"3.00"	"4.3"	"Maiden"	"5"	"8"	"Foley, Shane"	"Harrington, Mrs John"	"3"	"35"
"14:42:00"	"2025-10-21"	"Curragh"	"Evangelic (IRE)"	"150.00"	"885.16"	"Handicap"	"17"	"17"	"Caffrey, Adam"	"Watson, R K"	"3"	"8"
"16:02:00"	"2025-10-04"	"Curragh"	"Moonlit Mist (IRE)"	"66.00"	"91.66"	"Handicap"	"11"	"15"	"Phillips, Ms H"	"Kelly, David Harry"	"5"	"61"
"17:30:00"	"2025-09-28"	"Curragh"	"Red Veil (IRE)"	"33.00"	"80"	"Handicap"	"18"	"22"	"Halford, Mr J M"	"Sexton, Adrian"	"3"	"26"
"17:30:00"	"2025-09-27"	"Curragh"	"Bint Majestic Roi (IRE)"	"18.00"	"38"	"Maiden"	"9"	"15"	"Slattery, A J"	"Slattery, Andrew"	"3"	"98"
"16:20:00"	"2025-09-27"	"Curragh"	"Iceford (IRE)"	"3.50"	"4.45"	"Non-Handicap"	"3"	"7"	"Coen, Ben M"	"Murtagh, J P"	"3"	"55"
"15:45:00"	"2025-09-27"	"Curragh"	"Dorset (IRE)"	"8.50"	"14.5"	"Non-Handicap"	"1"	"30"	"Cleary, Jack"	"OBrien, A P"	"2"	"13"
"15:45:00"	"2025-09-27"	"Curragh"	"Unbreakable Duke (IRE)"	"50.00"	"80"	"Non-Handicap"	"22"	"30"	"Leonard, Killian"	"Dias, Diego"	"2"	"34"
"15:10:00"	"2025-09-27"	"Curragh"	"Cowardofthecounty (IRE)"	"12.00"	"18.5"	"Handicap"	"11"	"12"	"McMonagle, Dylan B"	"OBrien, Joseph Patrick"	"3"	"107"
"15:15:00"	"2025-09-14"	"Curragh"	"Shes Quality (IRE)"	"12.00"	"14.61"	"Non-Handicap"	"4"	"15"	"Ryan, J J G"	"Davison, Jack W"	"4"	"23"
"16:37:00"	"2025-08-23"	"Curragh"	"Frank Pickle (IRE)"	"6.50"	"8.8"	"Handicap"	"2"	"14"	"Coen, Ben M"	"Foster, Mrs Denise"	"4"	"36"
"17:10:00"	"2025-08-16"	"Curragh"	"Mono River (FR)"	"20.00"	"30"	"Handicap"	"10"	"21"	"Sheridan, Mel"	"Hogan, Denis Gerard"	"4"	"31"
"14:17:00"	"2025-08-16"	"Curragh"	"Enthusiastically (IRE)"	"33.00"	"55.13"	"Handicap Nursery"	"10"	"12"	"Pietropaolo, J"	"Obrien, Donnacha"	"2"	"10"
"16:15:00"	"2025-07-20"	"Curragh"	"Mary Shoelaces (IRE)"	"18.00"	"26"	"Handicap"	"7"	"18"	"OGorman, Jessica"	"Harty, Edward and Patrick"	"4"	"37"
"16:15:00"	"2025-07-20"	"Curragh"	"Moral Turpitude (IRE)"	"28.00"	"55"	"Handicap"	"15"	"18"	"Foley, Shane"	"Murphy, Daniel"	"4"	"8"
"15:05:00"	"2025-07-20"	"Curragh"	"Mocking (IRE)"	"9.00"	"11.5"	"Handicap"	"3"	"6"	"Coen, Ben M"	"Murtagh, J P"	"3"	"29"
"14:55:00"	"2025-06-29"	"Curragh"	"The Liffey (IRE)"	"18.00"	"23.95"	"Non-Handicap"	"7"	"8"	"McMonagle, Dylan B"	"OBrien, Joseph Patrick"	"4"	"11"
"17:15:00"	"2025-06-28"	"Curragh"	"Stella Alpina (IRE)"	"3.00"	"4.4"	"Maiden"	"6"	"17"	"Crosse, Nathan"	"McCreery, W"	"3"	"15"
"18:50:00"	"2025-06-27"	"Curragh"	"Truth Be Told (IRE)"	"12.00"	"19"	"Handicap"	"9"	"20"	"Hayes, C D"	"Weld, D K"	"3"	"12"
"16:15:00"	"2025-05-25"	"Curragh"	"Gloriously Glam (IRE)"	"16.00"	"23.07"	"Handicap"	"2"	"8"	"Kennedy, K G"	"Harrington, Mrs John"	"3"	"27"
"17:25:00"	"2025-05-24"	"Curragh"	"Monotone (IRE)"	"22.00"	"30"	"Handicap"	"7"	"11"	"McDonogh, D P"	"Bolger, J S"	"3"	"38"
"16:50:00"	"2025-05-24"	"Curragh"	"Black Storm (IRE)"	"11.00"	"15.5"	"Handicap"	"11"	"20"	"Hayes, C D"	"Coleman, Kevin"	"4"	"155"
"20:25:00"	"2025-05-23"	"Curragh"	"Buckle And Bolts (IRE)"	"16.00"	"25"	"Handicap"	"14"	"20"	"Donaghue-Leahy, R"	"Lavery, Ms Sheila"	"4"	"14"
"15:00:00"	"2025-05-05"	"Curragh"	"Murkala (IRE)"	"3.50"	"5.04"	"Handicap"	"1"	"15"	"Mulligan, R M"	"Murtagh, J P"	"3"	"19"
"17:10:00"	"2025-03-29"	"Curragh"	"Apercu (IRE)"	"10.00"	"15.5"	"Handicap"	"4"	"15"	"Lee, W J"	"Oliver, Andrew"	"5"	"163"
"17:10:00"	"2025-03-29"	"Curragh"	"Ob La Di (IRE)"	"33.00"	"70.67"	"Handicap"	"14"	"15"	"Coen, Ben M"	"Murtagh, J P"	"4"	"152"
"16:55:00"	"2025-03-16"	"Curragh"	"Goldrush Kid (IRE)"	"6.00"	"7.4"	"Handicap"	"1"	"18"	"Kearney, J"	"Magee, Patrick"	"4"	"50"
"16:55:00"	"2025-03-16"	"Curragh"	"Breathe Again (IRE)"	"18.00"	"28.14"	"Handicap"	"10"	"18"	"Colgan, R C"	"Lavery, Ms Sheila"	"4"	"201"
"15:45:00"	"2025-03-16"	"Curragh"	"Ephesus (IRE)"	"66.00"	"112.39"	"Handicap"	"11"	"27"	"Burns, Ms N"	"Hogan, Denis Gerard"	"4"	"36"
"15:10:00"	"2024-10-22"	"Curragh"	"Tribal Moon (IRE)"	"11.00"	"13.31"	"Handicap"	"18"	"20"	"Keane, C T"	"Murphy, Daniel"	"3"	"15"
"16:45:00"	"2024-10-17"	"Curragh"	"Ferrari Desert"	"28.00"	"54.92"	"Handicap"	"3"	"27"	"Kennedy, K G"	"Fahey, Mark"	"4"	"127"
"16:45:00"	"2024-10-17"	"Curragh"	"Glencullen (IRE)"	"7.50"	"12"	"Handicap"	"9"	"27"	"Ryan, Gavin"	"Morgan, Ms Joanna"	"4"	"12"
"16:55:00"	"2024-09-28"	"Curragh"	"Bear Profit (IRE)"	"4.50"	"6.34"	"Handicap"	"2"	"14"	"Barbe, Henri"	"Bunyan, Darren / OLeary, G"	"5"	"17"
"17:20:00"	"2024-09-15"	"Curragh"	"Johns Dragon (IRE)"	"40.00"	"72.88"	"Non-Handicap"	"13"	"22"	"Jamin, Pierre-Louis"	"Dascombe, Tom"	"2"	"19"
"13:50:00"	"2024-09-15"	"Curragh"	"Moltophino (IRE)"	"33.00"	"58.05"	"Handicap"	"15"	"25"	"Kennedy, K G"	"Kinsella, J A"	"3"	"4"
"13:50:00"	"2024-09-15"	"Curragh"	"Universally (IRE)"	"80.00"	"131.06"	"Handicap"	"16"	"25"	"McCullagh, N G"	"ONeill, E J"	"5"	"17"
"16:00:00"	"2024-08-31"	"Curragh"	"Churchill Gale (IRE)"	"20.00"	"28.17"	"Handicap Nursery"	"6"	"8"	"Ryan, J J G"	"McCourt, T G"	"2"	"28"
"14:50:00"	"2024-08-31"	"Curragh"	"Celtic Chieftain (IRE)"	"22.00"	"40"	"Non-Handicap"	"6"	"7"	"Lordan, W M"	"OBrien, A P"	"2"	"36"
"17:45:00"	"2024-08-17"	"Curragh"	"Ostraka (IRE)"	"9.00"	"14.27"	"Handicap"	"10"	"21"	"Caffrey, Adam"	"Murphy, Daniel"	"4"	"27"
"17:10:00"	"2024-08-17"	"Curragh"	"Blanc De Noir (IRE)"	"14.00"	"18"	"Handicap"	"10"	"28"	"McGettigan, P"	"Murtagh, J P"	"4"	"24"
"14:45:00"	"2024-07-21"	"Curragh"	"Valentino Express (IRE)"	"50.00"	"119.72"	"Handicap"	"10"	"12"	"Powell, J A"	"Bunyan, Darren / OLeary, G"	"3"	"8"
"17:50:00"	"2024-06-30"	"Curragh"	"War Correspondent (IRE)"	"33.00"	"48.63"	"Handicap"	"7"	"10"	"Lee, W J"	"Cody, Patrick"	"5"	"27"
"19:50:00"	"2024-06-28"	"Curragh"	"Alpha Capture (IRE)"	"5.50"	"8.07"	"Handicap"	"19"	"21"	"Keane, C T"	"Mullins, W P"	"4"	"279"
"19:15:00"	"2024-06-28"	"Curragh"	"Barrier (FR)"	"16.00"	"22.6"	"Handicap"	"8"	"17"	"Kennedy, K G"	"Elliott, Gordon"	"4"	"31"
"20:30:00"	"2024-06-05"	"Curragh"	"Clonmacash"	"28.00"	"42"	"Handicap"	"6"	"13"	"Joyce, Wesley"	"Lupini, Miss Natalia"	"3"	"201"
"20:30:00"	"2024-06-05"	"Curragh"	"Blame Thechampagne (IRE)"	"40.00"	"106.47"	"Handicap"	"13"	"13"	"MacRedmond, Cian"	"McGuinness, Adrian"	"3"	"187"
"19:00:00"	"2024-06-05"	"Curragh"	"Saturn (IRE)"	"1.25"	"2.37"	"Handicap"	"1"	"11"	"Foley, Shane"	"Harrington, Mrs John"	"4"	"11"
"15:05:00"	"2024-05-25"	"Curragh"	"Scarlett Ohara (FR)"	"6.50"	"8.37"	"Non-Handicap"	"4"	"9"	"Foley, Shane"	"Harrington, Mrs John"	"4"	"239"
"18:50:00"	"2024-05-24"	"Curragh"	"Rumbled Again (IRE)"	"40.00"	"51.07"	"Handicap"	"13"	"14"	"Sheridan, J M"	"Hogan, Denis Gerard"	"4"	"13"
"17:20:00"	"2024-05-06"	"Curragh"	"Pinar Del Rio"	"3.33"	"4.5"	"Handicap"	"1"	"17"	"Whelan, R P"	"Conlon, Joe"	"5"	"15"
"16:45:00"	"2024-05-06"	"Curragh"	"Rochester Mike (IRE)"	"150.00"	"275.67"	"Handicap"	"11"	"20"	"Costello, Mr T R"	"Kelly, Muredach"	"4"	"15"
"17:00:00"	"2024-04-21"	"Curragh"	"Lynskey (IRE)"	"25.00"	"49.27"	"Handicap"	"24"	"27"	"Whearty, R"	"Murray, Joseph Anthony"	"4"	"58"
"15:30:00"	"2024-04-21"	"Curragh"	"Sea Eagle"	"33.00"	"60"	"Handicap"	"4"	"21"	"McCullagh, Scott"	"Bunyan, Darren / OLeary, G"	"4"	"195"
"15:30:00"	"2024-04-21"	"Curragh"	"Mile End"	"33.00"	"50.45"	"Handicap"	"11"	"21"	"Coen, Ben M"	"Murphy, Ciaran"	"4"	"11"
"17:10:00"	"2024-03-18"	"Curragh"	"Guest Star"	"28.00"	"42"	"Handicap"	"11"	"20"	"Foley, Shane"	"Fahey, Mark"	"3"	"62"
"16:40:00"	"2024-03-18"	"Curragh"	"Rampage (IRE)"	"7.50"	"11.5"	"Handicap"	"7"	"23"	"Ryan, J J G"	"McCourt, T G"	"5"	"10"
"15:40:00"	"2024-03-18"	"Curragh"	"Cadeau Belle (FR)"	"16.00"	"28"	"Non-Handicap"	"9"	"10"	"Coen, Ben M"	"Murtagh, J P"	"4"	"191"
"15:40:00"	"2024-03-18"	"Curragh"	"Peace Of Mine (IRE)"	"100.00"	"195.51"	"Non-Handicap"	"10"	"10"	"Lee, W J"	"McCreery, W"	"4"	"168"
"14:05:00"	"2024-03-18"	"Curragh"	"Polar Bear (IRE)"	"16.00"	"20"	"Handicap"	"5"	"13"	"Foley, Shane"	"Harrington, Mrs John"	"4"	"139"
"12:50:00"	"2023-10-31"	"Curragh"	"Mercurial (IRE)"	"16.00"	"21"	"Handicap"	"2"	"19"	"Bowen, S D"	"Nallen, John J"	"4"	"34"
"16:40:00"	"2023-10-07"	"Curragh"	"Bride Tree"	"40.00"	"88.58"	"Handicap"	"18"	"19"	"Persse, A C"	"Dawson, Mrs Sarah"	"3"	"9"
"15:35:00"	"2023-09-24"	"Curragh"	"Promo Queen (IRE)"	"10.00"	"14.82"	"Handicap Nursery"	"1"	"8"	"Powell, J A"	"Timmons, C D"	"2"	"24"
"15:40:00"	"2023-09-23"	"Curragh"	"Chicago Fireball (IRE)"	"100.00"	"467.68"	"Non-Handicap"	"6"	"23"	"Kelly, S B"	"Murtagh, J P"	"2"	"42"
"13:55:00"	"2023-09-23"	"Curragh"	"Pinar Del Rio"	"25.00"	"44"	"Handicap"	"10"	"11"	"Crosse, Nathan"	"Conlon, Joe"	"4"	"32"
"17:10:00"	"2023-09-10"	"Curragh"	"St Laurences Gate (IRE)"	"80.00"	"200"	"Non-Handicap"	"9"	"12"	"McAteer, L T"	"Barrett, James M"	"2"	"21"
"17:05:00"	"2023-08-20"	"Curragh"	"Plankton (IRE)"	"16.00"	"17.5"	"Handicap"	"7"	"14"	"Sheehy, Danny"	"OBrien, Richard John"	"4"	"43"
"14:30:00"	"2023-08-20"	"Curragh"	"Sanshiro (IRE)"	"5.50"	"7.86"	"Handicap Nursery"	"6"	"11"	"Hayes, C D"	"Bunyan, Darren / OLeary, G"	"2"	"29"
"17:10:00"	"2023-08-19"	"Curragh"	"Savigny (IRE)"	"50.00"	"86.84"	"Handicap"	"17"	"19"	"Crosse, Nathan"	"Bromhead, Henry De"	"3"	"22"
"14:20:00"	"2023-08-13"	"Curragh"	"Phils Dream (IRE)"	"40.00"	"95"	"Handicap"	"17"	"23"	"OConnor, Donagh"	"McConnell, John C"	"3"	"29"
"17:10:00"	"2023-08-12"	"Curragh"	"Tooprofitable (IRE)"	"66.00"	"229.29"	"Handicap"	"16"	"19"	"McCullagh, N G"	"Mullins, Anthony"	"3"	"12"
"16:50:00"	"2023-07-02"	"Curragh"	"Aussie Girl (IRE)"	"2.50"	"4.36"	"Handicap"	"1"	"11"	"Powell, J A"	"Stack, J A"	"3"	"4"
"17:40:00"	"2023-07-01"	"Curragh"	"Immelmann (GER)"	"4.50"	"6.2"	"Handicap"	"6"	"16"	"Carroll, G F"	"Mullins, W P"	"5"	"616"
"16:00:00"	"2023-07-01"	"Curragh"	"Self Belief (IRE)"	"16.00"	"18.84"	"Non-Handicap"	"5"	"5"	"Lee, W J"	"McCreery, W"	"4"	"76"
"14:50:00"	"2023-07-01"	"Curragh"	"Navalny (IRE)"	"80.00"	"158.83"	"Handicap"	"13"	"13"	"Leonard, Killian"	"Bromhead, Henry De"	"3"	"7"
"18:30:00"	"2023-06-07"	"Curragh"	"Run Ran Run (IRE)"	"5.00"	"8"	"Handicap"	"1"	"9"	"Slattery, A J"	"Stack, J A"	"3"	"32"
"14:15:00"	"2023-05-28"	"Curragh"	"Iva Batt (IRE)"	"8.00"	"10.78"	"Handicap"	"2"	"15"	"Whelan, R P"	"McGuinness, Adrian"	"5"	"22"
"14:15:00"	"2023-05-28"	"Curragh"	"Lovejoy (IRE)"	"11.00"	"15.5"	"Handicap"	"13"	"15"	"Crosse, Nathan"	"McCreery, W"	"3"	"27"
"17:20:00"	"2023-05-01"	"Curragh"	"Bells On Her Toes (IRE)"	"7.00"	"9.84"	"Handicap"	"13"	"24"	"Slattery, A J"	"Slattery, Andrew"	"4"	"12"
"16:45:00"	"2023-05-01"	"Curragh"	"Shimmerz (IRE)"	"40.00"	"75"	"Handicap"	"1"	"18"	"Rutledge, Siobhan"	"OBrien, Charles"	"5"	"31"
"15:00:00"	"2023-05-01"	"Curragh"	"Alabama Pearl (IRE)"	"8.00"	"11.63"	"Handicap"	"5"	"9"	"Coen, Ben M"	"Murtagh, J P"	"3"	"197"
"17:25:00"	"2023-04-16"	"Curragh"	"Tiny Bit (IRE)"	"80.00"	"137.56"	"Handicap"	"16"	"23"	"Whelan, R P"	"Fahey, Jarlath P"	"4"	"185"
"17:37:00"	"2023-03-25"	"Curragh"	"On The Money (IRE)"	"33.00"	"50"	"Handicap"	"12"	"17"	"Cleary, R P"	"Bolger, J S"	"3"	"145"
"16:35:00"	"2022-10-26"	"Curragh"	"Sheila (IRE)"	"50.00"	"107.42"	"Handicap"	"11"	"29"	"Bowen, S D"	"Hogan, Denis Gerard"	"5"	"8"
"15:25:00"	"2022-10-26"	"Curragh"	"Rotolo (IRE)"	"33.00"	"64.99"	"Handicap"	"14"	"26"	"Manning, K J"	"Farrell, W T"	"3"	"10"
"15:25:00"	"2022-10-26"	"Curragh"	"Men Of Dreams (IRE)"	"25.00"	"39.02"	"Handicap"	"24"	"26"	"OConnor, Donagh"	"Levins, J F"	"4"	"16"
"17:30:00"	"2022-10-23"	"Curragh"	"Tynan (IRE)"	"125.00"	"520"	"Handicap"	"13"	"14"	"Woods, Sorcha"	"Watson, R K"	"4"	"16"
"15:45:00"	"2022-10-23"	"Curragh"	"Seattle Creek"	"150.00"	"812.95"	"Non-Handicap"	"8"	"12"	"Crosse, Nathan"	"Comer, Luke"	"4"	"42"
"14:35:00"	"2022-10-23"	"Curragh"	"Cyclamen (IRE)"	"4.50"	"7.4"	"Maiden"	"10"	"12"	"Lordan, W M"	"OBrien, A P"	"3"	"193"
"17:30:00"	"2022-10-13"	"Curragh"	"Valhallas Dream (IRE)"	"12.00"	"16.5"	"Handicap"	"13"	"18"	"McAteer, L T"	"Fitzgerald, B J"	"4"	"431"
"17:30:00"	"2022-10-08"	"Curragh"	"Wild Eyed Girl (IRE)"	"80.00"	"225.23"	"Handicap"	"26"	"30"	"Lordan, W M"	"Nolan, Brian"	"3"	"12"
"17:30:00"	"2022-10-08"	"Curragh"	"Latin Fury (IRE)"	"50.00"	"99.99"	"Handicap"	"28"	"30"	"Roche, L F"	"Murphy, P J F"	"5"	"78"
"15:45:00"	"2022-10-08"	"Curragh"	"La Hacienda"	"22.00"	"38.04"	"Handicap"	"21"	"22"	"Sheehy, M P"	"Smith, Matthew J"	"5"	"28"
"14:35:00"	"2022-10-08"	"Curragh"	"Are We Dreaming (IRE)"	"20.00"	"24"	"Non-Handicap"	"1"	"13"	"Lee, W J"	"McCreery, W"	"3"	"43"
"14:45:00"	"2022-09-24"	"Curragh"	"Tic Tac Toe (IRE)"	"10.00"	"12.5"	"Handicap Nursery"	"3"	"7"	"Manning, K J"	"Bunyan, Darren / OLeary, G"	"2"	"8"
"17:20:00"	"2022-09-11"	"Curragh"	"Star Harbour (IRE)"	"18.00"	"29.17"	"Handicap"	"10"	"22"	"Ryan, Gavin"	"McGuinness, Adrian"	"4"	"15"
"16:15:00"	"2022-08-27"	"Curragh"	"Crystal Black (IRE)"	"25.00"	"48.27"	"Handicap"	"18"	"25"	"Hayes, C D"	"Weld, D K"	"4"	"32"
"14:55:00"	"2022-08-13"	"Curragh"	"Warrior Brave"	"5.00"	"7"	"Handicap"	"4"	"8"	"Keane, C T"	"OSullivan, Ross"	"4"	"22"
"14:20:00"	"2022-08-13"	"Curragh"	"Reinforce (IRE)"	"3.33"	"5.31"	"Handicap Nursery"	"9"	"10"	"Whelan, R P"	"ODonoghue, John"	"2"	"22"
"17:25:00"	"2022-08-06"	"Curragh"	"Anatoli"	"28.00"	"48.36"	"Handicap"	"9"	"9"	"Powell, J A"	"Feane, John James"	"3"	"80"
"14:45:00"	"2022-07-17"	"Curragh"	"Knightlaila"	"12.00"	"17.96"	"Handicap"	"6"	"9"	"Kelly, S B"	"Murtagh, J P"	"3"	"50"
"14:45:00"	"2022-07-17"	"Curragh"	"Sir Allen"	"33.00"	"32.68"	"Handicap"	"9"	"9"	"Slattery, A J"	"Slattery, Andrew"	"3"	"264"
"15:10:00"	"2022-07-16"	"Curragh"	"Ladies Church"	"12.00"	"17.01"	"Non-Handicap"	"1"	"9"	"Coen, Ben M"	"Murtagh, J P"	"3"	"29"
"14:40:00"	"2022-06-26"	"Curragh"	"Heavenly Power (IRE)"	"4.50"	"7.79"	"Handicap"	"6"	"16"	"Hoban, Connor"	"Lynam, Edward"	"4"	"37"
"19:53:00"	"2022-06-24"	"Curragh"	"Grappa Nonino (IRE)"	"10.00"	"19.78"	"Handicap"	"2"	"22"	"Hayes, C D"	"Weld, D K"	"3"	"15"
"19:53:00"	"2022-06-24"	"Curragh"	"Observing (IRE)"	"25.00"	"50"	"Handicap"	"12"	"22"	"Keane, C T"	"Cody, Patrick"	"3"	"31"
"19:18:00"	"2022-06-24"	"Curragh"	"Impero (IRE)"	"7.50"	"11.69"	"Non-Handicap"	"4"	"18"	"Harnett, P A"	"Obrien, Donnacha"	"3"	"12"
"19:18:00"	"2022-06-24"	"Curragh"	"Scott Lang (IRE)"	"40.00"	"85"	"Non-Handicap"	"16"	"18"	"Ryan, J J G"	"Flynn, Paul W"	"5"	"7"
"20:20:00"	"2022-06-01"	"Curragh"	"Cuala Bula (IRE)"	"40.00"	"87.04"	"Handicap"	"13"	"30"	"Coen, Ben M"	"Davison, Jack W"	"3"	"21"
"17:35:00"	"2022-05-21"	"Curragh"	"Chicago Bear (IRE)"	"6.50"	"8.78"	"Handicap"	"1"	"26"	"Coen, Ben M"	"Murtagh, J P"	"4"	"15"
"19:10:00"	"2022-05-20"	"Curragh"	"Himalayan Beauty (IRE)"	"33.00"	"65"	"Handicap"	"18"	"18"	"Foley, Shane"	"Harrington, Mrs John"	"4"	"9"
"16:40:00"	"2022-05-02"	"Curragh"	"Ginsburg (IRE)"	"28.00"	"42.4"	"Handicap"	"1"	"17"	"Bird, Sean"	"Keane, Gerard"	"4"	"25"
"17:20:00"	"2022-04-10"	"Curragh"	"Missemma (IRE)"	"8.50"	"10.58"	"Handicap"	"4"	"24"	"Keane, C T"	"Cotter, Kieran P"	"4"	"172"
"15:05:00"	"2022-04-10"	"Curragh"	"High Definition (IRE)"	"2.50"	"4.46"	"Non-Handicap"	"2"	"9"	"Moore, Ryan"	"OBrien, A P"	"4"	"211"
"17:21:00"	"2022-03-26"	"Curragh"	"Angels Trumpet (IRE)"	"14.00"	"18"	"Handicap"	"17"	"21"	"McMonagle, Dylan B"	"Fahey, Peter"	"5"	"160"
"17:21:00"	"2022-03-26"	"Curragh"	"Aliyza (IRE)"	"20.00"	"27.98"	"Handicap"	"20"	"21"	"Lee, W J"	"Condon, K J"	"4"	"551"
"14:31:00"	"2022-03-26"	"Curragh"	"Karkiyna (IRE)"	"9.00"	"17.8"	"Maiden"	"5"	"19"	"Coen, Ben M"	"Murtagh, J P"	"3"	"160"
"14:31:00"	"2022-03-26"	"Curragh"	"Shamrock Sprig (IRE)"	"100.00"	"310"	"Maiden"	"6"	"19"	"Leonard, Killian"	"McDonagh, Eoin Joseph"	"4"	"99"
"16:40:00"	"2021-10-26"	"Curragh"	"Vermilion Cliffs (IRE)"	"22.00"	"0"	"Non-Handicap"	"4"	"12"	"Connolly, Mr G"	"Hogan, Denis Gerard"	"4"	"11"
"15:30:00"	"2021-10-26"	"Curragh"	"Wartime Hero"	"200.00"	"1000"	"Handicap"	"18"	"18"	"McCullagh, N G"	"Dunleavy, Mrs Y"	"5"	"869"
"14:20:00"	"2021-10-26"	"Curragh"	"Perfect Arch (IRE)"	"125.00"	"620"	"Non-Handicap"	"11"	"11"	"Lavery, Mr D G"	"Lambe, J J"	"4"	"383"
"13:45:00"	"2021-10-26"	"Curragh"	"Cyclamen (IRE)"	"2.75"	"4.01"	"Handicap Nursery"	"2"	"7"	"Heffernan, J A"	"OBrien, A P"	"2"	"16"
"14:50:00"	"2021-10-14"	"Curragh"	"Third Avenue (IRE)"	"20.00"	"28"	"Handicap"	"4"	"17"	"Rutledge, Siobhan"	"McConnell, John C"	"4"	"14"
"14:50:00"	"2021-10-14"	"Curragh"	"Camino Mission (IRE)"	"100.00"	"390"	"Handicap"	"17"	"17"	"Davis, Sean"	"Fahey, Seamus"	"3"	"92"
"13:55:00"	"2021-10-10"	"Curragh"	"Sendmylovetoyou (IRE)"	"50.00"	"71"	"Non-Handicap"	"7"	"14"	"Whelan, R P"	"Halford, M"	"5"	"49"
"17:10:00"	"2021-09-26"	"Curragh"	"Capoeira (IRE)"	"6.00"	"10.78"	"Handicap Nursery"	"2"	"9"	"Coen, Ben M"	"Murtagh, J P"	"2"	"10"
"17:10:00"	"2021-09-26"	"Curragh"	"Lamprog (IRE)"	"25.00"	"32"	"Handicap Nursery"	"4"	"9"	"Rutledge, Siobhan"	"Cody, Patrick"	"2"	"10"
"16:35:00"	"2021-09-26"	"Curragh"	"Riot (IRE)"	"5.50"	"8.59"	"Handicap"	"7"	"15"	"Coen, Ben M"	"Murtagh, J P"	"4"	"15"
"15:00:00"	"2021-09-26"	"Curragh"	"Mayan Son"	"250.00"	"1000"	"Maiden"	"13"	"13"	"Carroll, G F"	"Murphy, Dermot"	"3"	"33"
"14:30:00"	"2021-09-25"	"Curragh"	"Tuwaiq (IRE)"	"25.00"	"36"	"Non-Handicap"	"3"	"5"	"Carroll, G F"	"Lyons, G M"	"2"	"26"
"17:15:00"	"2021-09-12"	"Curragh"	"Threebagsfull (IRE)"	"12.00"	"26"	"Non-Handicap"	"2"	"14"	"Coen, Ben M"	"Murtagh, J P"	"2"	"8"
"16:40:00"	"2021-09-12"	"Curragh"	"Search For A Song (IRE)"	"3.33"	"4.4"	"Non-Handicap"	"6"	"13"	"Orr, Oisin"	"Weld, D K"	"5"	"112"
"15:30:00"	"2021-09-12"	"Curragh"	"Missing Matron (IRE)"	"150.00"	"570.39"	"Non-Handicap"	"8"	"8"	"Manning, K J"	"Bolger, J S"	"2"	"37"
"19:45:00"	"2021-08-27"	"Curragh"	"Spirituoso"	"50.00"	"80"	"Handicap"	"16"	"24"	"Woods, Sorcha"	"Smyth, Lee"	"3"	"22"
"19:30:00"	"2021-08-13"	"Curragh"	"What A Feeling (IRE)"	"8.00"	"12.5"	"Handicap"	"2"	"23"	"McAteer, L T"	"Murphy, P J F"	"4"	"17"
"17:10:00"	"2021-08-08"	"Curragh"	"Linus Larrabee (IRE)"	"25.00"	"33.59"	"Handicap"	"13"	"15"	"Lordan, W M"	"Lynam, Edward"	"4"	"233"
"16:30:00"	"2021-07-18"	"Curragh"	"Lough Swilly Pearl (IRE)"	"100.00"	"412.03"	"Maiden"	"12"	"13"	"Heffernan, J A"	"Kelly, Noel C"	"4"	"76"
"13:45:00"	"2021-07-17"	"Curragh"	"Threebagsfull (IRE)"	"4.00"	"5.65"	"Handicap Nursery"	"3"	"7"	"Coen, Ben M"	"Murtagh, J P"	"2"	"16"
"19:45:00"	"2021-06-25"	"Curragh"	"Magic Chegaga (IRE)"	"25.00"	"38"	"Handicap"	"1"	"23"	"Orr, Oisin"	"Gibney, Thomas"	"4"	"244"
"19:45:00"	"2021-06-25"	"Curragh"	"Kojin (IRE)"	"12.00"	"17.46"	"Handicap"	"4"	"23"	"Foley, Shane"	"Harrington, Mrs John"	"3"	"25"
"19:45:00"	"2021-06-25"	"Curragh"	"Silent Performance (IRE)"	"80.00"	"171.52"	"Handicap"	"12"	"23"	"Doyle, Joe"	"Hogan, Denis Gerard"	"4"	"150"
"20:10:00"	"2021-06-02"	"Curragh"	"Mary Salome (IRE)"	"11.00"	"15.5"	"Handicap"	"2"	"30"	"McAteer, L T"	"Kinirons, A"	"5"	"56"
"20:10:00"	"2021-06-02"	"Curragh"	"Mullacash Buzz (IRE)"	"66.00"	"100"	"Handicap"	"26"	"30"	"Lordan, W M"	"McCreery, W"	"3"	"3"
"20:10:00"	"2021-06-02"	"Curragh"	"Hero Of The Hour"	"80.00"	"84.99"	"Handicap"	"30"	"30"	"Maxwell, C D"	"Kingston, G A"	"4"	"21"
"14:05:00"	"2021-05-23"	"Curragh"	"Hector De Maris (IRE)"	"8.00"	"13"	"Non-Handicap"	"7"	"9"	"Moore, Ryan"	"OBrien, A P"	"3"	"33"
"17:25:00"	"2021-05-03"	"Curragh"	"Ablah (USA)"	"22.00"	"42.63"	"Handicap"	"16"	"28"	"Foley, Shane"	"McGuinness, Adrian"	"3"	"15"
"16:15:00"	"2021-04-17"	"Curragh"	"Fastnet Crown (IRE)"	"40.00"	"42"	"Handicap"	"14"	"21"	"Roche, L F"	"OCallaghan, M D"	"4"	"169"
"16:10:00"	"2021-03-21"	"Curragh"	"Star Of Cashel (IRE)"	"33.00"	"40.87"	"Handicap"	"4"	"24"	"Slattery, A J"	"Stack, J A"	"4"	"62"
"15:05:00"	"2021-03-21"	"Curragh"	"Knocknakilla (IRE)"	"28.00"	"29"	"Handicap"	"6"	"11"	"Rutledge, Siobhan"	"OLeary, Gerard"	"3"	"132"
"14:40:00"	"2020-11-02"	"Curragh"	"Rudisha (IRE)"	"66.00"	"154.91"	"Handicap"	"14"	"18"	"Cleary, R P"	"Cleary, Thomas"	"4"	"79"
"16:25:00"	"2020-10-15"	"Curragh"	"Maunganui (IRE)"	"33.00"	"45.17"	"Handicap"	"12"	"18"	"Coakley, Ross"	"Cullen, D W"	"5"	"20"
"14:40:00"	"2020-10-15"	"Curragh"	"Fall For A Kiss (IRE)"	"4.50"	"5.55"	"Handicap"	"2"	"13"	"McMonagle, Dylan B"	"Murphy, John Joseph"	"4"	"5"
"14:40:00"	"2020-10-15"	"Curragh"	"Knockgraffon Lass (IRE)"	"28.00"	"36"	"Handicap"	"12"	"13"	"Hayes, C D"	"Howard, Aidan Anthony"	"4"	"317"
"17:20:00"	"2020-09-27"	"Curragh"	"Characteristic (IRE)"	"50.00"	"100"	"Handicap"	"6"	"13"	"Mooney, Stephen"	"OBrien, Liam G"	"4"	"13"
"14:30:00"	"2020-09-27"	"Curragh"	"Goodnight Girl (IRE)"	"10.00"	"13.48"	"Handicap"	"9"	"15"	"McDonogh, D P"	"Lynam, S"	"5"	"11"
"14:00:00"	"2020-09-13"	"Curragh"	"Baraniya (IRE)"	"22.00"	"36"	"Handicap"	"15"	"22"	"Orr, Oisin"	"Weld, D K"	"3"	"21"
"17:45:00"	"2020-08-22"	"Curragh"	"Formyboys (IRE)"	"25.00"	"45.97"	"Handicap"	"16"	"16"	"Roche, L F"	"OCallaghan, M D"	"3"	"60"
"17:55:00"	"2020-08-09"	"Curragh"	"Sky Seven (IRE)"	"16.00"	"22.23"	"Handicap"	"6"	"16"	"Whelan, R P"	"Halford, M"	"4"	"24"
"19:45:00"	"2020-07-10"	"Curragh"	"Kings Vow (FR)"	"25.00"	"27"	"Handicap"	"7"	"10"	"McDonogh, D P"	"OBrien, Joseph Patrick"	"4"	"12"
"18:45:00"	"2020-07-10"	"Curragh"	"Galtee Mist (IRE)"	"25.00"	"36.84"	"Handicap"	"6"	"18"	"Carroll, G F"	"Murphy, Joseph G"	"4"	"280"
"18:15:00"	"2020-07-10"	"Curragh"	"Pegasus Bridge"	"25.00"	"88.36"	"Handicap"	"11"	"16"	"Smyth, Nicole"	"Lennon, Liam"	"4"	"14"
"17:45:00"	"2020-06-28"	"Curragh"	"Dinard Rose (IRE)"	"50.00"	"59.08"	"Handicap"	"5"	"18"	"Ryan, Gavin"	"Meade, Noel"	"4"	"133"
"17:15:00"	"2020-06-28"	"Curragh"	"Defilade"	"33.00"	"36.68"	"Handicap"	"8"	"18"	"Davis, Sean"	"Feane, John James"	"4"	"11"
"19:45:00"	"2020-06-26"	"Curragh"	"Guinevere (IRE)"	"50.00"	"62.11"	"Non-Handicap"	"6"	"18"	"Sheehy, Danny"	"Cody, Patrick"	"4"	"11"
"17:45:00"	"2020-06-13"	"Curragh"	"Son And Sannie (IRE)"	"9.00"	"12"	"Handicap"	"2"	"13"	"Orr, Oisin"	"Brabazon, Richard"	"4"	"227"
"16:00:00"	"2020-06-13"	"Curragh"	"Severus Alexander (IRE)"	"33.00"	"42"	"Handicap"	"10"	"16"	"Sheridan, J M"	"Cromwell, Gavin Patrick"	"4"	"83"
"15:50:00"	"2019-10-22"	"Curragh"	"Vocal Queen (IRE)"	"40.00"	"174.38"	"Handicap"	"7"	"22"	"Cleary, R P"	"Duke, B W"	"4"	"416"
"13:30:00"	"2019-10-22"	"Curragh"	"Auma (IRE)"	"10.00"	"16.19"	"Handicap Nursery"	"11"	"13"	"Manning, K J"	"Bolger, J S"	"2"	"34"
"15:15:00"	"2019-10-13"	"Curragh"	"Make A Challenge (IRE)"	"2.25"	"3"	"Non-Handicap"	"1"	"8"	"Doyle, Joe"	"Hogan, Denis Gerard"	"4"	"15"
"14:05:00"	"2019-10-13"	"Curragh"	"Tango (IRE)"	"1.38"	"2.69"	"Non-Handicap"	"1"	"8"	"OBrien, Donnacha"	"OBrien, A P"	"2"	"15"
"17:35:00"	"2019-09-29"	"Curragh"	"Made In Pimlico (IRE)"	"40.00"	"110"	"Handicap Nursery"	"11"	"19"	"Cleary, R P"	"Duke, B W"	"2"	"53"
"17:05:00"	"2019-09-29"	"Curragh"	"Cobb And Co (IRE)"	"50.00"	"308.15"	"Handicap Nursery"	"3"	"13"	"McCullagh, N G"	"Grassick, M C"	"2"	"11"
"17:05:00"	"2019-09-29"	"Curragh"	"Marchons Ensemble"	"4.00"	"5.92"	"Handicap Nursery"	"11"	"13"	"Keane, C T"	"Lyons, G M"	"2"	"28"
"17:30:00"	"2019-09-28"	"Curragh"	"Walking On Glass (IRE)"	"12.00"	"22"	"Handicap"	"5"	"19"	"Haug, Miss M"	"Roche, Padraig"	"4"	"15"
"17:30:00"	"2019-09-28"	"Curragh"	"Rock Samphire (IRE)"	"33.00"	"223.92"	"Handicap"	"18"	"19"	"Townend, Miss J"	"Delany, E D"	"5"	"163"
"15:45:00"	"2019-09-28"	"Curragh"	"Grandmaster Flash (IRE)"	"8.00"	"9.7"	"Handicap"	"9"	"15"	"McDonogh, D P"	"OBrien, Joseph Patrick"	"3"	"139"
"20:20:00"	"2019-08-16"	"Curragh"	"The Broghie Man"	"12.00"	"15.77"	"Handicap"	"5"	"14"	"Foley, Shane"	"Keatley, Adrian Paul"	"4"	"7"
"19:15:00"	"2019-08-16"	"Curragh"	"Bellepower (IRE)"	"16.00"	"19"	"Handicap"	"5"	"24"	"Gallagher, Mark"	"Feane, John James"	"3"	"29"
"19:15:00"	"2019-08-16"	"Curragh"	"High Glory (FR)"	"20.00"	"34"	"Handicap"	"10"	"24"	"OConnor, Donagh"	"Levins, J F"	"3"	"63"
"16:20:00"	"2019-07-21"	"Curragh"	"Miss Jabeam (IRE)"	"16.00"	"21.66"	"Handicap"	"1"	"18"	"Lee, W J"	"Howard, Aidan Anthony"	"3"	"57"
"18:35:00"	"2019-06-07"	"Curragh"	"Third World (IRE)"	"10.00"	"14.5"	"Handicap"	"4"	"6"	"Slattery, A J"	"Weld, D K"	"3"	"40"
"17:30:00"	"2019-05-26"	"Curragh"	"White Desert (IRE)"	"12.00"	"25"	"Handicap"	"13"	"13"	"Keane, C T"	"Mooney, Miss Amanda"	"5"	"317"
"14:50:00"	"2019-05-26"	"Curragh"	"Kafu (IRE)"	"3.33"	"4.8"	"Handicap"	"5"	"7"	"Keane, C T"	"Lyons, G M"	"3"	"7"
"14:20:00"	"2019-05-26"	"Curragh"	"Little Clarinet (IRE)"	"10.00"	"12"	"Handicap"	"4"	"26"	"OBrien, Donnacha"	"OBrien, Joseph Patrick"	"5"	"20"
"14:25:00"	"2019-05-25"	"Curragh"	"Fridtjof Nansen"	"22.00"	"75.69"	"Handicap"	"3"	"12"	"Gallagher, Mark"	"Cotter, Kieran P"	"4"	"14"
"17:50:00"	"2019-05-06"	"Curragh"	"Marlborough Sounds"	"33.00"	"79.11"	"Handicap"	"17"	"27"	"Madden, Tom"	"Murphy, John Joseph"	"4"	"198"
"17:50:00"	"2019-05-06"	"Curragh"	"Terzetto (IRE)"	"28.00"	"53.64"	"Handicap"	"27"	"27"	"McCullagh, N G"	"Halford, M"	"4"	"192"
"17:20:00"	"2019-05-06"	"Curragh"	"Villa Maria"	"8.00"	"11"	"Handicap"	"9"	"23"	"Sheridan, J M"	"Murray, Adrian"	"4"	"16"
"16:45:00"	"2019-05-06"	"Curragh"	"Takeachancejimmy (IRE)"	"14.00"	"17.77"	"Handicap"	"21"	"30"	"Hayes, C D"	"Slevin, Nigel"	"5"	"16"
"15:35:00"	"2019-05-06"	"Curragh"	"Rionach"	"33.00"	"70"	"Non-Handicap"	"3"	"10"	"Roche, L F"	"OCallaghan, M D"	"4"	"43"
"17:25:00"	"2018-09-16"	"Curragh"	"World Order (IRE)"	"20.00"	"72.91"	"Non-Handicap"	"12"	"18"	"Hayes, C D"	"Carroll, D"	"2"	"22"
"16:50:00"	"2018-09-16"	"Curragh"	"Cypress Creek (IRE)"	"66.00"	"109.14"	"Non-Handicap"	"6"	"6"	"McNamara, E J"	"OBrien, A P"	"3"	"22"
"14:50:00"	"2018-09-01"	"Curragh"	"Mary Tudor (IRE)"	"3.50"	"4.85"	"Non-Handicap"	"4"	"11"	"Lee, W J"	"McCreery, W"	"3"	"42"
"14:15:00"	"2018-09-01"	"Curragh"	"Hasimiyya (IRE)"	"14.00"	"48.15"	"Handicap"	"6"	"23"	"McDonogh, D P"	"Weld, D K"	"3"	"29"
"18:50:00"	"2018-08-31"	"Curragh"	"Makitorix (FR)"	"2.50"	"3.67"	"Handicap"	"3"	"22"	"Mullins, Mr P W"	"Mullins, W P"	"5"	"187"
"17:50:00"	"2018-08-31"	"Curragh"	"Confident Kid"	"50.00"	"302.42"	"Maiden"	"10"	"28"	"Mooney, Stephen"	"English, Damian Joseph"	"5"	"56"
"17:25:00"	"2018-08-26"	"Curragh"	"Calypso Jo"	"40.00"	"250"	"Handicap"	"29"	"30"	"Cleary, R P"	"English, Damian Joseph"	"4"	"248"
"14:25:00"	"2018-08-12"	"Curragh"	"Gala N Dandy (IRE)"	"33.00"	"115.9"	"Maiden"	"9"	"15"	"Gallagher, Mark"	"OBrien, Charles"	"3"	"45"
"15:15:00"	"2018-08-06"	"Curragh"	"Deauville Society (IRE)"	"66.00"	"350"	"Maiden"	"9"	"14"	"Kenny, Karen"	"McCourt, T G"	"3"	"297"
"17:55:00"	"2018-06-30"	"Curragh"	"Spruce Meadows (IRE)"	"14.00"	"18.46"	"Handicap"	"12"	"14"	"Hogan, D E"	"Feane, John James"	"5"	"13"
"17:05:00"	"2018-06-09"	"Curragh"	"Aydoun (IRE)"	"2.50"	"3.6"	"Handicap"	"3"	"8"	"Davis, Sean"	"Weld, D K"	"5"	"13"
"15:35:00"	"2018-05-27"	"Curragh"	"Tirmizi (FR)"	"9.00"	"11.45"	"Handicap"	"17"	"17"	"ODonoghue, C"	"Halford, M"	"5"	"15"
"17:55:00"	"2018-05-26"	"Curragh"	"Insignia Of Rank (IRE)"	"25.00"	"44"	"Handicap"	"9"	"13"	"Carroll, G F"	"Murphy, Joseph G"	"3"	"24"
"14:45:00"	"2018-05-12"	"Curragh"	"T For Tango (IRE)"	"16.00"	"28"	"Handicap"	"10"	"14"	"McDonogh, D P"	"Nash, J A"	"3"	"197"
"16:50:00"	"2017-09-10"	"Curragh"	"Torcedor (IRE)"	"14.00"	"27"	"Non-Handicap"	"2"	"10"	"ODonoghue, C"	"Harrington, Mrs John"	"5"	"80"
"15:05:00"	"2017-09-10"	"Curragh"	"Pious Alexander (IRE)"	"66.00"	"280"	"Non-Handicap"	"11"	"11"	"Lordan, W M"	"Lynam, Edward"	"3"	"46"
"16:35:00"	"2017-08-19"	"Curragh"	"Jamington (IRE)"	"28.00"	"61.18"	"Handicap"	"15"	"20"	"Lordan, W M"	"Marnane, David"	"3"	"58"
"17:10:00"	"2017-08-13"	"Curragh"	"The Mouse Doctor (IRE)"	"5.00"	"6.57"	"Handicap"	"3"	"9"	"Keane, C T"	"Davison, Jack W"	"4"	"84"
"16:55:00"	"2017-08-07"	"Curragh"	"Meetyouatthemoon (IRE)"	"25.00"	"59.57"	"Handicap"	"3"	"11"	"Whelan, R P"	"Collins, Tracey"	"3"	"46"
"15:15:00"	"2017-07-02"	"Curragh"	"Shamreen (IRE)"	"20.00"	"31.52"	"Non-Handicap"	"6"	"6"	"Roche, L F"	"Weld, D K"	"4"	"294"
"14:15:00"	"2017-07-02"	"Curragh"	"Vanderbilt (IRE)"	"33.00"	"151.44"	"Handicap"	"12"	"12"	"Hayes, C D"	"Hogan, Denis Gerard"	"3"	"212"
"18:45:00"	"2017-06-30"	"Curragh"	"Red Sabor"	"16.00"	"29.9"	"Handicap"	"9"	"13"	"McDonogh, D P"	"Slattery, Andrew"	"3"	"8"
"14:25:00"	"2017-05-27"	"Curragh"	"Rattling Jewel"	"14.00"	"27.66"	"Handicap"	"1"	"20"	"Leonard, Killian"	"McKenna, Miss Nicole"	"5"	"13"
"17:05:00"	"2017-05-13"	"Curragh"	"A Likely Story (IRE)"	"20.00"	"48.71"	"Handicap"	"13"	"21"	"Jones, Paul J"	"Weld, D K"	"4"	"197"
"15:55:00"	"2017-05-13"	"Curragh"	"Chilli Spice (IRE)"	"50.00"	"130"	"Non-Handicap"	"9"	"9"	"King, Connor"	"Murtagh, J P"	"4"	"13"
"16:45:00"	"2016-10-10"	"Curragh"	"New Direction (IRE)"	"12.00"	"22.71"	"Handicap"	"1"	"26"	"Cleary, R P"	"Bolger, J S"	"4"	"176"
"16:45:00"	"2016-10-10"	"Curragh"	"Ondamoura (IRE)"	"20.00"	"61.31"	"Handicap"	"8"	"26"	"Hoban, Connor"	"Hogan, T"	"4"	"15"
"16:15:00"	"2016-10-10"	"Curragh"	"Dancing Noretta (IRE)"	"10.00"	"15.26"	"Handicap"	"14"	"14"	"Foley, Shane"	"Condon, K J"	"4"	"27"
"15:45:00"	"2016-10-10"	"Curragh"	"Eavesdrop (IRE)"	"6.00"	"9"	"Maiden"	"6"	"15"	"OBrien, Ana"	"OBrien, A P"	"3"	"7"
"14:45:00"	"2016-10-10"	"Curragh"	"Kates Doll (IRE)"	"33.00"	"181.98"	"Handicap"	"20"	"23"	"McDonogh, D P"	"Fahy, P A"	"3"	"5"
"17:25:00"	"2016-10-09"	"Curragh"	"How High The Moon (IRE)"	"9.00"	"11"	"Non-Handicap"	"6"	"7"	"ODonoghue, C"	"OBrien, A P"	"3"	"21"
"15:55:00"	"2016-09-25"	"Curragh"	"Theophilus (IRE)"	"12.00"	"15.6"	"Handicap"	"8"	"20"	"Dowling, Mr J P"	"Bolger, J S"	"5"	"203"
"15:35:00"	"2016-09-22"	"Curragh"	"Ocotillo (IRE)"	"33.00"	"87.33"	"Handicap"	"19"	"27"	"Hoban, Connor"	"McCreery, W"	"3"	"22"
"15:35:00"	"2016-09-22"	"Curragh"	"Harleys Missile (IRE)"	"33.00"	"219.12"	"Handicap"	"26"	"27"	"Heffernan, J A"	"Flynn, Paul W"	"4"	"160"
"17:55:00"	"2016-09-11"	"Curragh"	"Simannka (IRE)"	"16.00"	"27.45"	"Handicap"	"7"	"25"	"Roche, L F"	"Weld, D K"	"3"	"69"
"14:00:00"	"2016-09-11"	"Curragh"	"Dark Alliance (IRE)"	"40.00"	"97.67"	"Handicap"	"14"	"17"	"McCullagh, N G"	"Halford, M"	"5"	"14"
"17:00:00"	"2016-08-28"	"Curragh"	"Parish Boy"	"16.00"	"29"	"Handicap"	"16"	"24"	"Manning, K J"	"Bolger, J S"	"4"	"504"
"16:45:00"	"2016-08-21"	"Curragh"	"Dalton Highway (IRE)"	"6.00"	"8.61"	"Handicap"	"7"	"10"	"Walsh, Michelle"	"Weld, D K"	"3"	"23"
"16:30:00"	"2016-08-20"	"Curragh"	"Seeking Truth (IRE)"	"25.00"	"141.44"	"Handicap"	"8"	"26"	"Madden, Tom"	"Farrell, Thomas J"	"5"	"50"
"15:35:00"	"2016-08-07"	"Curragh"	"Ambiguity (IRE)"	"50.00"	"195.51"	"Non-Handicap"	"5"	"5"	"OBrien, Donnacha"	"OBrien, Joseph Patrick"	"2"	"22"
"15:40:00"	"2016-07-17"	"Curragh"	"Siamsaiocht (IRE)"	"8.00"	"10.95"	"Handicap"	"3"	"8"	"Manning, K J"	"Bolger, J S"	"3"	"25"
"15:05:00"	"2016-07-17"	"Curragh"	"Alphonsus"	"40.00"	"82.31"	"Non-Handicap"	"8"	"9"	"McDonogh, D P"	"Oxx, John M"	"3"	"22"
"17:10:00"	"2016-07-16"	"Curragh"	"Distant Past"	"33.00"	"63.25"	"Handicap"	"3"	"19"	"Roche, L F"	"Ryan, K A"	"5"	"21"
"20:30:00"	"2016-06-24"	"Curragh"	"Rahyah"	"20.00"	"47.78"	"Maiden"	"5"	"11"	"Foley, Shane"	"Keatley, Adrian Paul"	"3"	"156"
"19:00:00"	"2016-06-24"	"Curragh"	"Brokopondo (IRE)"	"8.00"	"9.9"	"Non-Handicap"	"2"	"15"	"Linehan, Denis"	"Levins, J F"	"4"	"6"
"18:30:00"	"2016-06-24"	"Curragh"	"St Brelades Bay (IRE)"	"16.00"	"22.17"	"Handicap"	"3"	"17"	"ODonoghue, C"	"Harrington, Mrs John"	"4"	"34"
"18:30:00"	"2016-06-24"	"Curragh"	"More Than Munny (USA)"	"16.00"	"34.71"	"Handicap"	"17"	"17"	"Hoban, Connor"	"Murtagh, J P"	"3"	"6"
"18:30:00"	"2016-06-04"	"Curragh"	"Sir Isaac Newton"	"2.50"	"3.8"	"Non-Handicap"	"3"	"6"	"McNamara, E J"	"OBrien, A P"	"4"	"47"
"17:25:00"	"2016-06-04"	"Curragh"	"Victorious Secret (IRE)"	"20.00"	"51.06"	"Handicap"	"16"	"19"	"Lordan, W M"	"Stack, T"	"3"	"15"
"17:15:00"	"2016-05-22"	"Curragh"	"Sports Barrow (IRE)"	"66.00"	"250"	"Maiden"	"10"	"13"	"Carroll, G F"	"Hughes, Sandra"	"4"	"175"
"16:10:00"	"2016-05-22"	"Curragh"	"Jefferson Davis (IRE)"	"16.00"	"22"	"Handicap"	"5"	"12"	"Hayes, C D"	"Prendergast, Kevin"	"3"	"210"
"16:45:00"	"2016-05-02"	"Curragh"	"The Ice Meister (IRE)"	"12.00"	"15.75"	"Handicap"	"7"	"26"	"Keane, C T"	"Lyons, G M"	"4"	"185"
"15:35:00"	"2016-05-02"	"Curragh"	"Molly Dolly (IRE)"	"20.00"	"40.66"	"Non-Handicap"	"5"	"7"	"Fallon, K"	"Farrell, W T"	"4"	"254"
"17:00:00"	"2016-04-03"	"Curragh"	"Gallope (IRE)"	"7.00"	"8.75"	"Handicap"	"2"	"8"	"Smullen, P J"	"Dobbs, Mrs Prunella"	"4"	"235"
"17:25:00"	"2016-03-20"	"Curragh"	"Lex Talionis (IRE)"	"25.00"	"85.66"	"Maiden"	"8"	"25"	"Whelan, R P"	"Levins, J F"	"3"	"23"
"16:55:00"	"2016-03-20"	"Curragh"	"Aussie Valentine (IRE)"	"8.00"	"8.23"	"Handicap"	"2"	"22"	"Hoban, Connor"	"Deegan, P D"	"5"	"9"
"16:25:00"	"2016-03-20"	"Curragh"	"Theodorico (IRE)"	"4.50"	"6.6"	"Handicap"	"2"	"11"	"Manning, K J"	"Bolger, J S"	"3"	"147"
"17:05:00"	"2015-10-13"	"Curragh"	"Uno Voce (IRE)"	"20.00"	"37.16"	"Handicap"	"16"	"27"	"Lordan, W M"	"Duke, B W"	"3"	"10"
"15:30:00"	"2015-10-11"	"Curragh"	"Caution (IRE)"	"20.00"	"44.6"	"Handicap"	"5"	"13"	"Corby, Sean"	"Halford, M"	"3"	"45"
"15:30:00"	"2015-10-11"	"Curragh"	"Brosnan (IRE)"	"20.00"	"55"	"Handicap"	"9"	"13"	"OBrien, Ana"	"Levins, J F"	"3"	"125"
"17:05:00"	"2015-09-27"	"Curragh"	"Wexford Opera (IRE)"	"10.00"	"11.5"	"Handicap"	"3"	"15"	"Manning, K J"	"Bolger, J S"	"5"	"4"
"17:25:00"	"2015-09-13"	"Curragh"	"Love Is All Around (IRE)"	"66.00"	"426.31"	"Non-Handicap"	"25"	"30"	"Roche, L F"	"Harrington, Mrs John"	"2"	"85"
"16:50:00"	"2015-08-30"	"Curragh"	"Katimavik (IRE)"	"16.00"	"22"	"Handicap"	"9"	"22"	"Roche, L F"	"Weld, D K"	"4"	"8"
"16:50:00"	"2015-08-30"	"Curragh"	"Chopin (GER)"	"28.00"	"70"	"Handicap"	"21"	"22"	"Heffernan, J A"	"Lyons, G M"	"5"	"33"
"17:40:00"	"2015-08-23"	"Curragh"	"Van Schaick (IRE)"	"5.00"	"6.63"	"Maiden"	"5"	"10"	"Keane, C T"	"Lyons, G M"	"3"	"23"
"17:10:00"	"2015-08-23"	"Curragh"	"Theophilus (IRE)"	"6.50"	"8.8"	"Handicap"	"8"	"8"	"Manning, K J"	"Bolger, J S"	"4"	"35"
"16:40:00"	"2015-08-23"	"Curragh"	"Double Fast (IRE)"	"14.00"	"21.22"	"Handicap"	"2"	"10"	"Roche, L F"	"Mullins, Thomas"	"3"	"20"
"15:10:00"	"2015-08-23"	"Curragh"	"Ask Dad"	"33.00"	"79.4"	"Handicap"	"9"	"9"	"Cleary, R P"	"English, Damian Joseph"	"5"	"22"
"15:45:00"	"2015-07-19"	"Curragh"	"Wedding Vow (IRE)"	"6.00"	"10.18"	"Non-Handicap"	"1"	"9"	"OBrien, J P"	"OBrien, A P"	"3"	"31"
"18:25:00"	"2015-06-26"	"Curragh"	"Fields Of May (IRE)"	"14.00"	"25.17"	"Handicap"	"10"	"12"	"Manning, K J"	"Bolger, J S"	"3"	"72"
"14:35:00"	"2015-06-07"	"Curragh"	"I Will Excel (IRE)"	"5.50"	"7.3"	"Maiden"	"8"	"10"	"McNamara, E J"	"OCallaghan, M D"	"3"	"79"
"17:00:00"	"2015-05-24"	"Curragh"	"Pyromaniac (IRE)"	"6.50"	"9"	"Handicap"	"1"	"19"	"Berry, F M"	"Martin, A J"	"5"	"12"
"17:00:00"	"2015-05-24"	"Curragh"	"Kabjoy (IRE)"	"20.00"	"47.11"	"Handicap"	"12"	"19"	"Hoban, Connor"	"Harrington, Mrs John"	"4"	"14"
"16:30:00"	"2015-05-24"	"Curragh"	"Urban Moon (IRE)"	"9.00"	"15"	"Handicap"	"5"	"15"	"Moore, Ryan"	"Murtagh, J P"	"4"	"14"
"15:50:00"	"2015-05-04"	"Curragh"	"The Carbonator (IRE)"	"25.00"	"29.73"	"Handicap"	"4"	"16"	"Roche, L F"	"Shanahan, John Patrick"	"3"	"12"
"14:40:00"	"2015-03-29"	"Curragh"	"The Warrior (IRE)"	"2.75"	"3.75"	"Maiden"	"1"	"25"	"Moore, Ryan"	"OBrien, A P"	"3"	"163"
"14:40:00"	"2015-03-29"	"Curragh"	"Approbare (IRE)"	"50.00"	"190.3"	"Maiden"	"8"	"25"	"Lee, W J"	"Walsh, T M"	"3"	"144"
"16:20:00"	"2014-10-12"	"Curragh"	"El Salvador (IRE)"	"25.00"	"50"	"Handicap"	"1"	"21"	"OBrien, Donnacha"	"OBrien, A P"	"5"	"66"
"17:20:00"	"2014-09-14"	"Curragh"	"Newton Bomb (IRE)"	"50.00"	"472.17"	"Non-Handicap"	"28"	"29"	"Roche, L F"	"McCreery, W"	"2"	"26"
"16:05:00"	"2014-08-31"	"Curragh"	"Shukhov (IRE)"	"8.00"	"9.07"	"Handicap"	"4"	"15"	"OConnor, Donagh"	"Levins, J F"	"5"	"5"
"15:05:00"	"2014-08-31"	"Curragh"	"War Envoy (USA)"	"2.50"	"3.95"	"Non-Handicap"	"3"	"7"	"OBrien, J P"	"OBrien, A P"	"2"	"64"
"17:10:00"	"2014-08-24"	"Curragh"	"Cottesloe (IRE)"	"20.00"	"51.73"	"Handicap"	"9"	"15"	"Lee, W J"	"OBrien, Charles"	"5"	"16"
"14:55:00"	"2014-08-24"	"Curragh"	"Hall Of Mirrors (IRE)"	"6.50"	"9"	"Non-Handicap"	"1"	"4"	"Heffernan, J A"	"OBrien, A P"	"4"	"65"
"15:45:00"	"2014-08-23"	"Curragh"	"Focussed (IRE)"	"6.50"	"8.7"	"Handicap"	"4"	"11"	"Whelan, R P"	"Duke, B W"	"3"	"24"
"15:45:00"	"2014-08-23"	"Curragh"	"Mutanaweb (IRE)"	"25.00"	"50.7"	"Handicap"	"7"	"11"	"Heffernan, J A"	"Molloy, M A"	"4"	"308"
"15:10:00"	"2014-08-23"	"Curragh"	"Leitir Mor (IRE)"	"25.00"	"36.24"	"Non-Handicap"	"9"	"9"	"Manning, K J"	"Bolger, J S"	"4"	"9"
"16:35:00"	"2014-08-10"	"Curragh"	"Rocky Ground (IRE)"	"4.50"	"6.92"	"Non-Handicap"	"7"	"7"	"Atzeni, Andrea"	"Varian, Roger"	"4"	"22"
"18:50:00"	"2014-07-19"	"Curragh"	"No Wunder"	"8.00"	"13.02"	"Maiden"	"2"	"9"	"Lordan, W M"	"Wachman, David"	"3"	"7"
"18:20:00"	"2014-07-19"	"Curragh"	"Breathe Easy (IRE) (OLD)"	"3.50"	"5"	"Handicap"	"1"	"6"	"Cleary, R P"	"Harty, Sabrina J"	"4"	"22"
"17:45:00"	"2014-07-19"	"Curragh"	"Beyond Brilliance (IRE)"	"80.00"	"198.44"	"Non-Handicap"	"4"	"10"	"OBrien, Ana"	"OBrien, A P"	"3"	"5"
"19:25:00"	"2014-06-27"	"Curragh"	"Encrypted Message (IRE)"	"20.00"	"32.64"	"Non-Handicap"	"9"	"9"	"Byrne, D C"	"Weld, D K"	"5"	"281"
"15:40:00"	"2014-06-08"	"Curragh"	"Indigo Lady"	"66.00"	"323.91"	"Non-Handicap"	"1"	"9"	"Heffernan, J A"	"McCreery, W"	"4"	"42"
"14:35:00"	"2014-06-08"	"Curragh"	"Monsieur Power (IRE)"	"1.63"	"2.62"	"Maiden"	"5"	"13"	"Lynch, Fergal"	"Lynam, Edward"	"3"	"25"
"17:05:00"	"2014-05-24"	"Curragh"	"Our Manekineko"	"33.00"	"200"	"Handicap"	"15"	"15"	"Roche, L F"	"Nash, J A"	"4"	"8"
"17:25:00"	"2014-05-05"	"Curragh"	"Beyond Brilliance (IRE)"	"33.00"	"79.98"	"Non-Handicap"	"8"	"10"	"OBrien, Ana"	"OBrien, A P"	"3"	"9"
"16:15:00"	"2014-05-05"	"Curragh"	"Paene Magnus (IRE)"	"12.00"	"29.35"	"Non-Handicap"	"4"	"5"	"Whelan, R P"	"Bolger, J S"	"5"	"199"
"15:30:00"	"2013-10-13"	"Curragh"	"Alsium (IRE)"	"16.00"	"37.14"	"Handicap"	"11"	"15"	"Dawson, B P"	"Deegan, P D"	"4"	"26"
"15:50:00"	"2013-09-15"	"Curragh"	"Chamonix (IRE) (OLD)"	"20.00"	"67.89"	"Non-Handicap"	"9"	"10"	"Heffernan, J A"	"OBrien, A P"	"4"	"106"
"16:40:00"	"2013-09-14"	"Curragh"	"Sceilg (IRE)"	"9.00"	"13.53"	"Handicap"	"6"	"17"	"Mangan, Miss J M"	"Bolger, J S"	"3"	"49"
"16:05:00"	"2013-09-14"	"Curragh"	"Inate Value (IRE)"	"14.00"	"21.75"	"Handicap"	"13"	"16"	"Carberry, Megan"	"Oliver, Andrew"	"3"	"37"
"16:05:00"	"2013-09-14"	"Curragh"	"Ledwidge (IRE)"	"25.00"	"130"	"Handicap"	"14"	"16"	"ODonnell, P C"	"Winters, Lester"	"3"	"6"
"14:25:00"	"2013-09-14"	"Curragh"	"Cristoforo Colombo (USA)"	"6.00"	"8"	"Non-Handicap"	"8"	"13"	"Heffernan, J A"	"OBrien, A P"	"3"	"133"
"16:15:00"	"2013-09-01"	"Curragh"	"Touch Of Snow (IRE)"	"100.00"	"1000"	"Non-Handicap"	"7"	"7"	"Foley, Shane"	"Murphy, John Joseph"	"2"	"29"
"15:40:00"	"2013-09-01"	"Curragh"	"Hanky Panky (IRE)"	"20.00"	"34"	"Non-Handicap"	"6"	"7"	"Moore, Ryan"	"OBrien, A P"	"3"	"4"
"15:45:00"	"2013-08-24"	"Curragh"	"Sweet Alibi (IRE)"	"16.00"	"44"	"Non-Handicap"	"16"	"17"	"Hoban, Connor"	"Moore, J S"	"2"	"42"
"14:45:00"	"2013-07-21"	"Curragh"	"Midfield General (IRE)"	"2.75"	"4.51"	"Handicap"	"4"	"7"	"Manning, K J"	"Bolger, J S"	"3"	"10"
"18:50:00"	"2013-07-20"	"Curragh"	"Treasure The Ridge (IRE)"	"10.00"	"16.79"	"Handicap"	"7"	"7"	"Roche, L F"	"Weld, D K"	"4"	"58"
"20:30:00"	"2013-06-28"	"Curragh"	"Wannabe Better (IRE)"	"6.50"	"8.4"	"Maiden"	"3"	"13"	"Lordan, W M"	"Stack, T"	"3"	"29"
"19:30:00"	"2013-06-28"	"Curragh"	"Most Improved (IRE)"	"1.25"	"2.4"	"Non-Handicap"	"3"	"4"	"OBrien, J P"	"OBrien, A P"	"4"	"251"
"15:20:00"	"2013-06-09"	"Curragh"	"Regal Power"	"10.00"	"20.35"	"Handicap"	"1"	"16"	"McDonogh, D P"	"Lynam, Edward"	"4"	"242"
"16:15:00"	"2012-10-16"	"Curragh"	"Solar Heat (IRE)"	"10.00"	"17.38"	"Handicap"	"5"	"9"	"Hayes, C D"	"Deegan, P D"	"3"	"6"
"16:15:00"	"2012-10-16"	"Curragh"	"California Rose"	"7.00"	"10.63"	"Handicap"	"8"	"9"	"Curtis, B A"	"Martin, Patrick"	"3"	"41"
"16:50:00"	"2012-09-30"	"Curragh"	"To The Sky (IRE)"	"10.00"	"18.07"	"Handicap"	"1"	"11"	"Keane, C T"	"Morgan, Ms Joanna"	"4"	"12"
"15:10:00"	"2012-09-30"	"Curragh"	"Nini Ok (IRE)"	"10.00"	"15"	"Handicap"	"4"	"16"	"McCormack, D A"	"Murphy, John Joseph"	"3"	"15"
"17:55:00"	"2012-09-09"	"Curragh"	"Fabbiaano (IRE)"	"50.00"	"858"	"Maiden"	"12"	"20"	"Hayes, C D"	"McCabe, James Bernard"	"4"	"405"
"14:40:00"	"2012-08-25"	"Curragh"	"Palinode (USA)"	"6.50"	"10.84"	"Handicap"	"5"	"5"	"Coakley, Ross"	"McConnell, John C"	"4"	"498"
"17:20:00"	"2012-08-12"	"Curragh"	"Ocean Drift (USA)"	"16.00"	"36"	"Handicap"	"4"	"12"	"Hayes, C D"	"Oliver, Andrew"	"4"	"739"
"14:50:00"	"2012-08-12"	"Curragh"	"Born To Sea (IRE)"	"0.91"	"2.04"	"Non-Handicap"	"2"	"4"	"Murtagh, J"	"Oxx, John M"	"3"	"43"
"14:40:00"	"2012-07-21"	"Curragh"	"Einsteins Folly (IRE)"	"2.00"	"3.33"	"Handicap Nursery"	"3"	"6"	"Manning, K J"	"Bolger, J S"	"2"	"16"
"14:40:00"	"2012-07-01"	"Curragh"	"Summer Knight (IRE)"	"12.00"	"16.5"	"Handicap"	"4"	"14"	"Foley, Shane"	"Oliver, Andrew"	"3"	"4"
"19:30:00"	"2012-06-29"	"Curragh"	"Madhmoonah (IRE)"	"10.00"	"13.71"	"Handicap"	"6"	"9"	"Roche, L F"	"Weld, D K"	"3"	"34"
"15:20:00"	"2012-06-10"	"Curragh"	"Highwater Express (IRE)"	"25.00"	"77.57"	"Handicap"	"12"	"12"	"Manning, K J"	"Bolger, J S"	"3"	"4"
"16:20:00"	"2012-05-26"	"Curragh"	"Brown Butterfly"	"25.00"	"50"	"Handicap"	"4"	"17"	"Bell, Samantha"	"Prendergast, Kevin"	"4"	"169"
"16:30:00"	"2012-03-25"	"Curragh"	"Kashmir Peak (IRE)"	"9.00"	"10.5"	"Handicap"	"7"	"7"	"McCullagh, N G"	"Lyons, G M"	"3"	"107"
"16:15:00"	"2011-09-11"	"Curragh"	"Emiyna (USA)"	"7.00"	"10"	"Non-Handicap"	"5"	"6"	"Murtagh, J"	"Oxx, John M"	"3"	"8"
"16:25:00"	"2011-09-10"	"Curragh"	"Opening Nite (IRE)"	"20.00"	"77.12"	"Handicap"	"25"	"26"	"Codd, Mr J J"	"Cullen, D W"	"4"	"41"
"17:20:00"	"2011-07-17"	"Curragh"	"Gold Mirage (IRE)"	"2.75"	"4.6"	"Handicap"	"4"	"11"	"Manning, K J"	"Bolger, J S"	"4"	"19"
"15:45:00"	"2011-07-17"	"Curragh"	"Hurricane Havoc (IRE)"	"100.00"	"689.87"	"Non-Handicap"	"8"	"9"	"Cleary, R P"	"Bolger, J S"	"3"	"38"
"16:30:00"	"2011-06-26"	"Curragh"	"Reiteration (USA)"	"22.00"	"52.76"	"Handicap"	"18"	"18"	"Manning, K J"	"Bolger, J S"	"4"	"91"
"14:40:00"	"2011-06-26"	"Curragh"	"Cheviot (USA)"	"14.00"	"20.89"	"Handicap"	"2"	"28"	"McCullagh, N G"	"Roberts, Reginald"	"5"	"71"
"18:30:00"	"2011-06-24"	"Curragh"	"Princess Severus (IRE)"	"16.00"	"26.2"	"Handicap"	"10"	"10"	"Whelan, R P"	"Hartnett, James J"	"3"	"54"
"20:10:00"	"2011-06-03"	"Curragh"	"Laldie (IRE)"	"25.00"	"58.57"	"Handicap"	"7"	"27"	"Curtis, B A"	"Dawson, Mrs Sarah"	"4"	"312"
"20:10:00"	"2011-06-03"	"Curragh"	"Lovestoned (IRE)"	"33.00"	"101.81"	"Handicap"	"22"	"27"	"Roche, L F"	"Hogan, T"	"5"	"6"
"20:10:00"	"2011-06-03"	"Curragh"	"Salaamie"	"25.00"	"59.73"	"Handicap"	"23"	"27"	"Hayes, C D"	"Oliver, Andrew"	"3"	"191"
"15:45:00"	"2011-05-21"	"Curragh"	"High Ruler (USA)"	"40.00"	"113.85"	"Non-Handicap"	"4"	"8"	"ODonoghue, C"	"OBrien, A P"	"3"	"20"
"15:35:00"	"2011-03-20"	"Curragh"	"Moran Gra (USA)"	"16.00"	"31.03"	"Handicap"	"15"	"16"	"Manning, K J"	"Morgan, Ms Joanna"	"4"	"539"
"15:55:00"	"2010-10-11"	"Curragh"	"Aoibhinn"	"16.00"	"44.48"	"Handicap"	"9"	"30"	"Quinlan, Maria"	"Flynn, Patrick J"	"4"	"42"
"16:50:00"	"2010-09-11"	"Curragh"	"Priomhbhean (IRE)"	"4.00"	"4.9"	"Handicap"	"12"	"14"	"Manning, K J"	"Bolger, J S"	"3"	"7"
"16:15:00"	"2010-07-18"	"Curragh"	"Duc De Savoie (USA)"	"12.00"	"20.45"	"Handicap"	"10"	"13"	"Thilderkvist, Miss E"	"Weld, D K"	"4"	"279"
"16:15:00"	"2010-07-18"	"Curragh"	"Dabirana (IRE)"	"33.00"	"100"	"Handicap"	"13"	"13"	"Kidd, Miss J A"	"Dawson, Mrs Sarah"	"4"	"296"
"15:40:00"	"2010-07-18"	"Curragh"	"Brazilian Beauty"	"66.00"	"148.76"	"Non-Handicap"	"13"	"15"	"Hayes, C D"	"Prendergast, Kevin"	"3"	"22"
"16:50:00"	"2010-07-17"	"Curragh"	"Polar Explorer (IRE)"	"4.50"	"5.88"	"Handicap"	"10"	"18"	"Berry, F M"	"OBrien, Charles"	"4"	"6"
"16:50:00"	"2010-07-17"	"Curragh"	"This Is Real (IRE)"	"20.00"	"56.65"	"Handicap"	"13"	"18"	"Whelan, R P"	"Nolan, Brian"	"3"	"370"
"16:15:00"	"2010-07-17"	"Curragh"	"Ferocious Fran (IRE)"	"12.00"	"29"	"Handicap Nursery"	"7"	"8"	"James, S H"	"Prendergast, Kevin"	"2"	"18"
"15:10:00"	"2010-07-17"	"Curragh"	"Legendary Lad (IRE)"	"12.00"	"30"	"Handicap"	"9"	"20"	"Smullen, P J"	"Weld, D K"	"3"	"56"
"15:50:00"	"2010-06-27"	"Curragh"	"Invincible Ash (IRE)"	"20.00"	"37.25"	"Handicap"	"1"	"25"	"Carroll, G F"	"Halford, M"	"5"	"14"
"15:50:00"	"2010-06-27"	"Curragh"	"Douze Points (IRE)"	"25.00"	"66.52"	"Handicap"	"15"	"25"	"Heffernan, J A"	"Murphy, Joseph G"	"4"	"20"
"16:00:00"	"2010-06-26"	"Curragh"	"Popmurphy"	"33.00"	"110"	"Non-Handicap"	"4"	"5"	"Hayes, C D"	"Deegan, P D"	"4"	"54"
"20:10:00"	"2010-06-04"	"Curragh"	"Riobamba (USA)"	"8.00"	"12.87"	"Handicap"	"12"	"14"	"Berry, F M"	"Lynam, Edward"	"4"	"13"
"18:30:00"	"2010-06-04"	"Curragh"	"Popspeed (IRE)"	"14.00"	"34.54"	"Handicap"	"24"	"27"	"Smullen, P J"	"Weld, D K"	"4"	"226"
"14:10:00"	"2010-05-22"	"Curragh"	"Barack (IRE)"	"14.00"	"17.87"	"Handicap"	"19"	"25"	"McDonogh, D P"	"Ennis, Francis"	"4"	"6"
"16:45:00"	"2010-05-03"	"Curragh"	"Danza Nera (IRE)"	"33.00"	"94"	"Handicap"	"20"	"25"	"Hussey, M C"	"McEnery, P F"	"4"	"215"
"15:15:00"	"2010-05-03"	"Curragh"	"Gold Bubbles (USA)"	"8.00"	"16.5"	"Non-Handicap"	"11"	"12"	"Manning, K J"	"Bolger, J S"	"3"	"246"
"15:55:00"	"2010-03-21"	"Curragh"	"Fourpenny Lane"	"14.00"	"34"	"Non-Handicap"	"7"	"9"	"Berry, F M"	"Morgan, Ms Joanna"	"5"	"128"
"15:20:00"	"2010-03-21"	"Curragh"	"Cnocan Gold (IRE)"	"20.00"	"65.44"	"Handicap"	"10"	"13"	"Shanahan, P"	"Weld, D K"	"4"	"136"
"15:50:00"	"2009-10-12"	"Curragh"	"All The Right Nics (IRE)"	"25.00"	"109.79"	"Handicap"	"17"	"23"	"ONeill, K T"	"Flynn, Patrick J"	"3"	"27"
"15:20:00"	"2009-10-12"	"Curragh"	"Arrostep (IRE)"	"28.00"	"94.79"	"Handicap"	"14"	"22"	"James, S H"	"Coogan, J G"	"3"	"117"
"15:00:00"	"2009-10-11"	"Curragh"	"Cnocan Gold (IRE)"	"16.00"	"28.31"	"Non-Handicap"	"10"	"12"	"Smullen, P J"	"Weld, D K"	"3"	"132"
"17:35:00"	"2009-09-27"	"Curragh"	"Walk Beside Me (USA)"	"20.00"	"48"	"Handicap"	"14"	"29"	"Gorey, S M"	"Weld, D K"	"3"	"114"
"14:15:00"	"2009-09-13"	"Curragh"	"Xtraxtra (IRE)"	"8.00"	"10.5"	"Handicap Nursery"	"13"	"18"	"Smullen, P J"	"Grassick, M J"	"2"	"68"
"17:45:00"	"2009-08-30"	"Curragh"	"Andre Mon Ami (USA)"	"4.00"	"6"	"Handicap"	"7"	"10"	"Carroll, T C"	"Kinsella, A"	"4"	"24"
"16:40:00"	"2009-07-26"	"Curragh"	"Long Wait (IRE)"	"20.00"	"31.62"	"Handicap"	"4"	"11"	"ONeill, K T"	"Deegan, P D"	"3"	"11"
"17:30:00"	"2009-07-11"	"Curragh"	"Newpark Rio (IRE)"	"20.00"	"30.19"	"Handicap Nursery"	"1"	"10"	"McCullagh, N G"	"Hughes, Emmanuel"	"2"	"16"
"15:30:00"	"2009-07-11"	"Curragh"	"Shining Armour (IRE)"	"12.00"	"24"	"Handicap"	"4"	"23"	"Smullen, P J"	"Weld, D K"	"4"	"27"
"14:10:00"	"2009-06-27"	"Curragh"	"Flame Of Ireland (IRE)"	"16.00"	"41.91"	"Handicap"	"5"	"20"	"Mullins, D E"	"Grassick, M J"	"3"	"71"
"19:00:00"	"2009-06-06"	"Curragh"	"Sky Mystic (IRE)"	"14.00"	"27.06"	"Handicap"	"16"	"25"	"Whelan, R P"	"Bolger, J S"	"3"	"264"
"17:50:00"	"2009-05-24"	"Curragh"	"Island Breeze (IRE)"	"50.00"	"150.89"	"Handicap"	"7"	"29"	"Latham, K"	"Oliver, Andrew"	"3"	"226"
"16:15:00"	"2009-05-24"	"Curragh"	"Kaprun (IRE)"	"14.00"	"21"	"Handicap"	"3"	"10"	"Moran, D J"	"Nolan, Brian"	"4"	"22"
"16:00:00"	"2009-05-04"	"Curragh"	"Famous Name"	"2.50"	"3.7"	"Non-Handicap"	"2"	"7"	"Smullen, P J"	"Weld, D K"	"4"	"189"
"15:15:00"	"2009-04-05"	"Curragh"	"Daffodil Walk (IRE)"	"25.00"	"46.37"	"Handicap"	"2"	"20"	"ONeill, K T"	"Deegan, P D"	"3"	"252"
"14:45:00"	"2009-04-05"	"Curragh"	"Douze Points (IRE)"	"40.00"	"80.79"	"Non-Handicap"	"5"	"9"	"McDonogh, D P"	"Murphy, Joseph G"	"3"	"177"
"16:45:00"	"2009-03-22"	"Curragh"	"Tarrsille (IRE)"	"16.00"	"27.21"	"Handicap"	"5"	"12"	"McNamara, E J"	"Lyons, G M"	"3"	"161"
"14:45:00"	"2009-03-22"	"Curragh"	"Ice Bound (IRE)"	"66.00"	"1000"	"Maiden"	"13"	"16"	"McNamara, E J"	"Hayden, J C"	"3"	"146"
"16:35:00"	"2008-10-20"	"Curragh"	"Acclaimed Piper (IRE)"	"14.00"	"35.29"	"Maiden"	"6"	"13"	"Townend, P"	"Grassick, M J"	"3"	"30"
"15:05:00"	"2008-10-20"	"Curragh"	"Dublin Six (USA)"	"20.00"	"71.53"	"Handicap"	"16"	"21"	"Harley, M"	"Bolger, J S"	"3"	"36"
"16:45:00"	"2008-09-30"	"Curragh"	"Ounooi (IRE)"	"33.00"	"110"	"Handicap"	"1"	"24"	"Burke, Julie"	"Lawlor, Noel"	"3"	"3"
"13:45:00"	"2008-09-30"	"Curragh"	"Palazzone (IRE)"	"12.00"	"25"	"Maiden"	"20"	"28"	"McNamara, E J"	"Lyons, G M"	"2"	"4"
"17:25:00"	"2008-09-28"	"Curragh"	"Suailce (IRE)"	"14.00"	"23.49"	"Handicap"	"1"	"28"	"Gorey, S M"	"Weld, D K"	"3"	"14"
"17:15:00"	"2008-09-14"	"Curragh"	"Cothrom Na Feinne (IRE)"	"25.00"	"42"	"Handicap"	"17"	"22"	"Moran, D J"	"McDonogh, Desmond"	"3"	"15"
"16:45:00"	"2008-08-31"	"Curragh"	"Settigano (IRE)"	"7.00"	"14.15"	"Handicap"	"5"	"21"	"Heffernan, J A"	"Fitzgerald, Michael Joseph"	"5"	"33"
"17:15:00"	"2008-08-23"	"Curragh"	"Ideal Appeal (IRE)"	"33.00"	"134.51"	"Handicap"	"23"	"28"	"Burke, Julie"	"Halford, M"	"4"	"16"
"17:15:00"	"2008-08-23"	"Curragh"	"Rio Grando"	"33.00"	"64.51"	"Handicap"	"27"	"28"	"Cleere, M A"	"OShea, Mrs A M"	"3"	"18"
"17:15:00"	"2008-08-23"	"Curragh"	"Kiss N Run"	"25.00"	"80"	"Handicap"	"28"	"28"	"Hayes, C D"	"Oliver, Andrew"	"3"	"24"
"14:05:00"	"2008-06-29"	"Curragh"	"Over The Tylery (IRE)"	"50.00"	"838.62"	"Handicap"	"8"	"22"	"McCullagh, N G"	"Tyrrell, Eamon"	"4"	"4"
"13:30:00"	"2008-06-29"	"Curragh"	"Settigano (IRE)"	"10.00"	"13.44"	"Handicap"	"1"	"18"	"Heffernan, J A"	"Fitzgerald, Michael Joseph"	"5"	"36"
"14:10:00"	"2008-06-28"	"Curragh"	"Em De Or (USA)"	"33.00"	"101.98"	"Handicap"	"27"	"27"	"Mullins, D E"	"Rogers, H"	"3"	"26"
"21:00:00"	"2008-06-27"	"Curragh"	"Acclaimed Piper (IRE)"	"25.00"	"130"	"Maiden"	"5"	"24"	"Latham, K"	"Grassick, M J"	"3"	"20"
"15:40:00"	"2008-05-05"	"Curragh"	"The Hillaries (IRE)"	"33.00"	"57.99"	"Handicap"	"9"	"25"	"Hussey, M C"	"Deegan, P D"	"3"	"15"
"17:30:00"	"2008-03-30"	"Curragh"	"Kaprun (IRE)"	"14.00"	"22.2"	"Maiden"	"5"	"16"	"Moran, D J"	"Nolan, Brian"	"3"	"195"
"17:00:00"	"2008-03-30"	"Curragh"	"Ready To Rocknroll (IRE)"	"12.00"	"17.96"	"Handicap"	"2"	"10"	"Berry, F M"	"Gorman, J T"	"3"	"160"
"16:30:00"	"2008-03-30"	"Curragh"	"AkuaBa (IRE)"	"20.00"	"45.67"	"Handicap"	"14"	"26"	"Manning, K J"	"Bolger, J S"	"4"	"147"
"14:45:00"	"2007-10-22"	"Curragh"	"Jack Rio (IRE)"	"16.00"	"0"	"Handicap Nursery"	"19"	"19"	"Supple, W J"	"McElhone, Michael"	"2"	"21"
"17:30:00"	"2007-10-21"	"Curragh"	"Eliza Gilbert"	"14.00"	"0"	"Maiden"	"6"	"20"	"Manning, K J"	"Bolger, J S"	"3"	"16"
"17:30:00"	"2007-10-21"	"Curragh"	"Tar (IRE)"	"16.00"	"0"	"Maiden"	"17"	"20"	"McDonogh, D P"	"Prendergast, Kevin"	"3"	"31"
"16:10:00"	"2007-09-15"	"Curragh"	"Vincenzio Galilei (USA)"	"7.00"	"0"	"Handicap"	"6"	"14"	"Supple, W J"	"Lyons, G M"	"3"	"20"
"14:35:00"	"2007-09-02"	"Curragh"	"Another Express (IRE)"	"16.00"	"0"	"Non-Handicap"	"8"	"8"	"Lordan, W M"	"Stack, T"	"2"	"63"
"14:05:00"	"2007-09-02"	"Curragh"	"Derpat (IRE)"	"16.00"	"0"	"Handicap"	"10"	"18"	"Tylicki, Frederik"	"Bolger, J S"	"3"	"21"
"14:05:00"	"2007-09-02"	"Curragh"	"Maid Of Lorn (USA)"	"16.00"	"0"	"Handicap"	"12"	"18"	"Pratt, D T"	"Collins, Tracey"	"3"	"25"
"17:35:00"	"2007-08-25"	"Curragh"	"Tar (IRE)"	"12.00"	"0"	"Handicap"	"10"	"19"	"Geoghegan, C P"	"Prendergast, Kevin"	"3"	"38"
"17:00:00"	"2007-08-25"	"Curragh"	"Regalline (IRE)"	"7.00"	"0"	"Maiden"	"4"	"18"	"Hayes, C D"	"Prendergast, Kevin"	"3"	"77"
"15:15:00"	"2007-08-12"	"Curragh"	"Flyingit (USA)"	"25.00"	"0"	"Handicap"	"7"	"16"	"Grant, D M"	"Mullins, Thomas"	"4"	"6"
"15:30:00"	"2007-07-15"	"Curragh"	"Maid Of Lorn (USA)"	"200.00"	"0"	"Non-Handicap"	"9"	"12"	"Shanahan, P"	"Collins, Tracey"	"3"	"4"
"20:00:00"	"2007-06-09"	"Curragh"	"Simonetta (IRE)"	"25.00"	"0"	"Handicap"	"8"	"12"	"Tylicki, Frederik"	"Bolger, J S"	"3"	"34"
"20:00:00"	"2007-06-09"	"Curragh"	"Hidden Tears (IRE)"	"25.00"	"0"	"Handicap"	"12"	"12"	"Cleary, R P"	"Gorman, J T"	"5"	"436"
"16:50:00"	"2007-05-26"	"Curragh"	"Dancing Sky (IRE) (OLD)"	"33.00"	"0"	"Non-Handicap"	"8"	"11"	"Shanahan, P"	"Weld, D K"	"4"	"20"
"14:10:00"	"2007-05-26"	"Curragh"	"Eliza Gilbert"	"10.00"	"0"	"Handicap"	"5"	"18"	"Manning, K J"	"Bolger, J S"	"3"	"5"
"17:45:00"	"2007-05-07"	"Curragh"	"Nell Peters (IRE)"	"33.00"	"0"	"Maiden"	"3"	"25"	"ODonoghue, C"	"Roper, W M"	"4"	"199"
"16:45:00"	"2007-05-07"	"Curragh"	"Mooretown Lady (IRE)"	"12.00"	"0"	"Handicap"	"2"	"30"	"Supple, W J"	"Rogers, H"	"4"	"5"
"15:25:00"	"2007-03-25"	"Curragh"	"Tajneed (IRE)"	"4.00"	"0"	"Handicap"	"2"	"12"	"Smullen, P J"	"Weld, D K"	"4"	"154"
"16:55:00"	"2006-10-23"	"Curragh"	"Investment Pearl (IRE)"	"12.00"	"0"	"Maiden"	"8"	"23"	"Berry, F M"	"Oxx, John M"	"3"	"122"
"16:25:00"	"2006-10-23"	"Curragh"	"Babola (IRE)"	"100.00"	"0"	"Non-Handicap"	"9"	"9"	"McCullagh, N G"	"ODonnell, P F"	"3"	"101"
"15:30:00"	"2006-10-22"	"Curragh"	"Deputy Consort (USA)"	"12.00"	"0"	"Maiden"	"1"	"22"	"Supple, W J"	"OBrien, M J P"	"3"	"387"
"16:05:00"	"2006-10-08"	"Curragh"	"Soul Legacy (USA)"	"33.00"	"0"	"Handicap"	"16"	"19"	"Egan, Robbie"	"McElhone, Michael"	"5"	"34"
"15:55:00"	"2006-09-19"	"Curragh"	"Romanov Dynasty (IRE)"	"100.00"	"0"	"Non-Handicap"	"20"	"28"	"Supple, W J"	"Hannon, R"	"2"	"12"
"14:05:00"	"2006-09-19"	"Curragh"	"Lahiba (IRE)"	"12.00"	"0"	"Handicap"	"7"	"12"	"Cleary, R P"	"Halford, M"	"5"	"114"
"14:40:00"	"2006-09-17"	"Curragh"	"Athea Lad (IRE)"	"33.00"	"0"	"Handicap Nursery"	"15"	"19"	"Gorey, S M"	"Loughnane, Daniel Mark"	"2"	"39"
"14:10:00"	"2006-08-27"	"Curragh"	"Russian View (USA)"	"20.00"	"0"	"Handicap"	"9"	"12"	"Cannon, Declan"	"Lynam, Edward"	"3"	"54"
"17:30:00"	"2006-08-26"	"Curragh"	"The Perfect Plan (IRE)"	"9.00"	"0"	"Handicap"	"18"	"26"	"Smullen, P J"	"Weld, D K"	"3"	"57"
"15:50:00"	"2006-08-26"	"Curragh"	"Bazroy (IRE)"	"33.00"	"0"	"Non-Handicap"	"3"	"24"	"Hussey, M C"	"Evans, P D"	"2"	"20"
"17:15:00"	"2006-07-16"	"Curragh"	"Spirit Of Pearl (IRE)"	"5.00"	"0"	"Handicap Nursery"	"2"	"8"	"Hayes, C D"	"Prendergast, Kevin"	"2"	"11"
"17:45:00"	"2006-07-02"	"Curragh"	"Scent"	"25.00"	"0"	"Handicap"	"19"	"29"	"McCullagh, N G"	"Martin, Patrick"	"4"	"60"
"20:30:00"	"2006-06-30"	"Curragh"	"Habeas Corpus"	"33.00"	"0"	"Handicap"	"18"	"26"	"Cleary, R P"	"OBrien, Charles"	"3"	"284"
"20:00:00"	"2006-06-30"	"Curragh"	"Barneys Dream (IRE)"	"9.00"	"0"	"Handicap"	"16"	"27"	"Murtagh, J"	"Halford, M"	"3"	"35"
"18:25:00"	"2006-06-10"	"Curragh"	"Dictation"	"20.00"	"0"	"Handicap"	"17"	"23"	"Grant, D M"	"Keatley, Mrs Valerie"	"4"	"279"
"17:10:00"	"2006-05-28"	"Curragh"	"Zacharova (IRE)"	"10.00"	"0"	"Handicap"	"1"	"12"	"Moran, D J"	"Bolger, J S"	"3"	"216"
"14:00:00"	"2006-05-28"	"Curragh"	"Ciaras Luck (IRE)"	"20.00"	"0"	"Handicap"	"24"	"27"	"Heffernan, J A"	"Hogan, T"	"4"	"247"
"17:30:00"	"2006-05-27"	"Curragh"	"Whod Of Guest (IRE)"	"33.00"	"0"	"Handicap"	"16"	"16"	"Butterly, E M"	"Halford, M"	"5"	"22"
"17:00:00"	"2006-05-01"	"Curragh"	"Fiuntas (IRE)"	"25.00"	"0"	"Handicap"	"25"	"30"	"Moran, D J"	"Bolger, J S"	"3"	"187"
"17:00:00"	"2006-05-01"	"Curragh"	"Porto Venere (IRE)"	"16.00"	"0"	"Handicap"	"30"	"30"	"Egan, John"	"Grassick, M J"	"4"	"189"
"16:45:00"	"2006-04-09"	"Curragh"	"Mrs Gillow (IRE)"	"16.00"	"0"	"Handicap"	"5"	"24"	"Manning, K J"	"Bolger, J S"	"5"	"160"
"15:30:00"	"2006-03-26"	"Curragh"	"Utterly Heaven (IRE)"	"6.00"	"0"	"Non-Handicap"	"2"	"10"	"Smullen, P J"	"Weld, D K"	"4"	"197"
"15:00:00"	"2006-03-26"	"Curragh"	"Polar Fox"	"20.00"	"0"	"Maiden"	"21"	"24"	"OShea, T P"	"Oliver, Andrew"	"3"	"140"
"15:35:00"	"2005-10-24"	"Curragh"	"Cupids Bow"	"10.00"	"0"	"Handicap"	"13"	"18"	"Smullen, P J"	"Cunningham, Michael"	"5"	"81"
"14:05:00"	"2005-10-24"	"Curragh"	"Distant Piper (IRE)"	"14.00"	"0"	"Handicap Nursery"	"10"	"16"	"Burke, R M"	"Harty, Edward and Patrick"	"2"	"51"
"17:00:00"	"2005-10-23"	"Curragh"	"Devil Fish (IRE)"	"33.00"	"0"	"Non-Handicap"	"10"	"10"	"ODonoghue, C"	"Lynam, Edward"	"3"	"30"
"16:45:00"	"2005-10-01"	"Curragh"	"Bermuxa (FR)"	"20.00"	"0"	"Handicap"	"12"	"19"	"Gannon, Catherine"	"Lynam, Edward"	"4"	"19"
"17:15:00"	"2005-09-18"	"Curragh"	"Glenree"	"16.00"	"0"	"Handicap"	"17"	"28"	"Williams, S J"	"Tyrrell, Eamon"	"4"	"453"
"17:15:00"	"2005-09-18"	"Curragh"	"Brazen Hooker (IRE)"	"16.00"	"0"	"Handicap"	"28"	"28"	"Cleary, R P"	"Morgan, Ms Joanna"	"3"	"99"
"16:45:00"	"2005-09-04"	"Curragh"	"Lough Gem (IRE)"	"20.00"	"0"	"Handicap"	"16"	"20"	"Cleary, R P"	"Morgan, Ms Joanna"	"3"	"40"
"16:15:00"	"2005-09-04"	"Curragh"	"Ambika (IRE)"	"66.00"	"0"	"Non-Handicap"	"8"	"9"	"Moran, D J"	"Bolger, J S"	"2"	"25"
"15:50:00"	"2005-08-20"	"Curragh"	"Shinko Dancer (IRE)"	"40.00"	"0"	"Non-Handicap"	"17"	"26"	"Smullen, P J"	"Rogers, H"	"2"	"13"
"14:00:00"	"2005-07-17"	"Curragh"	"Ease The Way"	"7.00"	"0"	"Handicap"	"9"	"9"	"Cashman, Miss C"	"Weld, D K"	"4"	"124"
"13:30:00"	"2005-06-26"	"Curragh"	"Elusive Double (IRE)"	"14.00"	"0"	"Handicap"	"13"	"22"	"Smullen, P J"	"Weld, D K"	"3"	"10"
"17:15:00"	"2005-06-25"	"Curragh"	"Indian Bounty"	"33.00"	"0"	"Maiden"	"4"	"12"	"Grant, D M"	"Murphy, John Joseph"	"3"	"255"
"20:30:00"	"2005-06-24"	"Curragh"	"Estate (OLD)"	"12.00"	"0"	"Handicap"	"26"	"26"	"Gorey, S M"	"Weld, D K"	"3"	"21"
"16:50:00"	"2005-05-22"	"Curragh"	"Mermaid Island (IRE)"	"14.00"	"0"	"Handicap"	"5"	"21"	"Gorey, S M"	"Weld, D K"	"3"	"203"
"17:00:00"	"2005-05-02"	"Curragh"	"Absolutely Cool (IRE)"	"20.00"	"0"	"Handicap"	"12"	"24"	"Gorey, S M"	"Weld, D K"	"4"	"11"
"17:15:00"	"2005-04-17"	"Curragh"	"Shadow Ash (IRE)"	"20.00"	"0"	"Handicap"	"12"	"30"	"Shanahan, P"	"Carey, Patrick"	"3"	"179"
"17:15:00"	"2005-04-17"	"Curragh"	"Enfield Chase (IRE)"	"7.00"	"0"	"Handicap"	"22"	"30"	"Lordan, W M"	"Stack, T"	"4"	"258"
"16:45:00"	"2005-04-03"	"Curragh"	"The Last Hurrah (IRE)"	"4.50"	"0"	"Handicap"	"2"	"21"	"Gannon, Catherine"	"Oxx, John M"	"5"	"221"
"16:45:00"	"2005-04-03"	"Curragh"	"Liscoa (IRE)"	"14.00"	"0"	"Handicap"	"13"	"21"	"Heffernan, J A"	"Carey, Patrick"	"4"	"165"
"16:45:00"	"2005-03-20"	"Curragh"	"Itsonlywoody (IRE)"	"20.00"	"0"	"Handicap"	"6"	"18"	"Phillips, M A"	"Harty, Edward and Patrick"	"3"	"155"
"16:30:00"	"2004-10-23"	"Curragh"	"Galarini (IRE)"	"10.00"	"0"	"Maiden"	"5"	"26"	"Manning, K J"	"Bolger, J S"	"3"	"13"
"15:30:00"	"2004-10-02"	"Curragh"	"The Oldladysays No (IRE)"	"14.00"	"0"	"Handicap"	"4"	"19"	"OShea, T P"	"Persse, Mrs Aileen"	"4"	"8"
"15:30:00"	"2004-10-02"	"Curragh"	"Milltown Prince (IRE)"	"25.00"	"0"	"Handicap"	"12"	"19"	"Gorey, S M"	"McDowell, Miss J"	"4"	"13"
"16:55:00"	"2004-09-05"	"Curragh"	"Life Class (IRE)"	"20.00"	"0"	"Handicap"	"15"	"18"	"Keohane, Helen"	"Leahy, Augustine"	"3"	"11"
"17:45:00"	"2004-06-27"	"Curragh"	"Hathaal (IRE)"	"25.00"	"0"	"Handicap"	"9"	"12"	"Creighton, Alan"	"Creighton, E J"	"5"	"653"
"15:10:00"	"2004-06-26"	"Curragh"	"The Oldladysays No (IRE)"	"14.00"	"0"	"Handicap"	"13"	"29"	"Cleere, M A"	"Persse, Mrs Aileen"	"4"	"273"
"15:10:00"	"2004-06-26"	"Curragh"	"Flaming Eyes (GER)"	"14.00"	"0"	"Handicap"	"29"	"29"	"Smullen, P J"	"Weld, D K"	"3"	"19"
"14:15:00"	"2004-05-22"	"Curragh"	"Dusty Diamond (IRE)"	"20.00"	"0"	"Handicap"	"6"	"28"	"Smullen, P J"	"Gillespie, Declan"	"4"	"13"
"16:30:00"	"2004-05-03"	"Curragh"	"Lamon Bay (IRE)"	"16.00"	"0"	"Handicap"	"7"	"14"	"Fahy, M P"	"Grassick, M J"	"3"	"36"
"17:00:00"	"2004-04-25"	"Curragh"	"Phantom Queen (USA)"	"20.00"	"0"	"Handicap"	"23"	"23"	"Gorey, S M"	"Donohoe, R"	"4"	"193"
"16:45:00"	"2004-04-04"	"Curragh"	"Newton (IRE)"	"2.50"	"0"	"Non-Handicap"	"1"	"7"	"Spencer, Jamie"	"OBrien, A P"	"3"	"160"
"15:15:00"	"2004-04-04"	"Curragh"	"Due Respect (IRE) (OLD)"	"20.00"	"0"	"Handicap"	"19"	"22"	"Berry, F M"	"Hughes, D T"	"4"	"218"
"16:30:00"	"2003-10-25"	"Curragh"	"Time Discloses All"	"5.00"	"0"	"Handicap"	"6"	"15"	"McCullagh, N G"	"Grassick, M J"	"3"	"168"
"14:30:00"	"2003-10-25"	"Curragh"	"Madra Rua (IRE)"	"25.00"	"0"	"Maiden"	"10"	"30"	"Moriarty, Jamie"	"Coogan, J G"	"2"	"52"
"14:15:00"	"2003-08-31"	"Curragh"	"Key To The Kingdom (IRE) (OLD)"	"12.00"	"0"	"Handicap"	"17"	"20"	"Brennan, J"	"Gillespie, Declan"	"3"	"21"
"17:55:00"	"2003-08-10"	"Curragh"	"Montevideo"	"10.00"	"0"	"Handicap"	"2"	"10"	"Berry, F M"	"Oxx, John M"	"3"	"13"
"15:05:00"	"2003-06-29"	"Curragh"	"Almost Famous (IRE) (OLD)"	"14.00"	"0"	"Handicap"	"8"	"21"	"Manning, K J"	"Bolger, J S"	"4"	"69"
"16:50:00"	"2003-05-24"	"Curragh"	"Akash (IRE)"	"2.00"	"0"	"Handicap"	"13"	"19"	"Murtagh, J"	"Oxx, John M"	"3"	"195"
"15:15:00"	"2003-04-06"	"Curragh"	"Catch The Swallow (IRE)"	"12.00"	"0"	"Handicap"	"21"	"23"	"Ahern, Eddie"	"Gorman, J T"	"4"	"336"
 