RTime	Date	track	Qualifier	Odds_Numeric	Odds_Exchange	Race_Type	Position	Runners	Jockey	Trainer	Distance	Age	DaysSinceRun	
"17:00:00"	"2026-07-29"	"Goodwood"	"Vingegaard (IRE)"	"50.00"	"61.62"	"Handicap"	"14"	"26"	"Sexton, Ryan"	"Camacho, Miss J A"	"6f "	"4"	"43"
"13:30:00"	"2026-05-23"	"York"	"Al Hussar"	"10.00"	"19.04"	"Handicap"	"5"	"20"	"Stammers, Oliver"	"Tuer, Grant"	"6f "	"4"	"7"
"11:37:00"	"2025-11-08"	"Doncaster"	"Flag Of St George (IRE)"	"14.00"	"21"	"Handicap"	"13"	"21"	"Egan, Ms A"	"Chapple-Hyam, Jane"	"7f "	"4"	"43"
"15:40:00"	"2025-09-27"	"Newmarket (Rowley)"	"Great Chieftain (IRE)"	"40.00"	"75"	"Handicap"	"7"	"23"	"Sayette, B D L"	"Cole, Oliver"	"1m1f "	"4"	"34"
"15:35:00"	"2025-09-20"	"Ayr"	"Two Tribes"	"8.00"	"12"	"Handicap"	"10"	"25"	"Egan, David"	"Spencer, Richard"	"6f "	"4"	"28"
"15:40:00"	"2025-09-19"	"Ayr"	"Irish Nectar"	"20.00"	"32"	"Handicap"	"6"	"25"	"Stott, Kevin"	"Ryan, K A"	"6f "	"4"	"7"
"15:40:00"	"2025-09-19"	"Ayr"	"Jonny Concrete (IRE)"	"18.00"	"27.18"	"Handicap"	"13"	"25"	"Mullen, Andrew"	"Jardine, I"	"6f "	"4"	"48"
"13:30:00"	"2025-09-14"	"Curragh"	"Moltophino (IRE)"	"7.50"	"9.94"	"Handicap"	"20"	"23"	"Fallon, Cieren"	"Kinsella, J A"	"6f "	"4"	"17"
"14:25:00"	"2025-09-13"	"Doncaster"	"Air Force One (IRE)"	"4.50"	"7"	"Handicap"	"13"	"21"	"McDonald, P J"	"Oldroyd, G R"	"5.5f "	"4"	"6"
"14:40:00"	"2025-09-06"	"Ascot"	"Great Acclaim"	"11.00"	"16.39"	"Handicap"	"2"	"20"	"Leavy, Mr Joe"	"Houghton, Eve Johnson"	"7f "	"4"	"14"
"16:10:00"	"2025-08-23"	"York"	"Two Tribes"	"4.00"	"6.24"	"Handicap"	"4"	"20"	"Moore, Ryan"	"Spencer, Richard"	"6f "	"4"	"21"
"16:10:00"	"2025-08-23"	"York"	"We Never Stop (IRE)"	"66.00"	"160.39"	"Handicap"	"12"	"20"	"Gray, S A"	"Ryan, K A"	"6f "	"4"	"63"
"13:50:00"	"2025-08-20"	"York"	"Mon Na Slieve (IRE)"	"33.00"	"75"	"Handicap"	"5"	"20"	"James, S H"	"Ryan, K A"	"5.5f "	"4"	"22"
"15:05:00"	"2025-08-02"	"Goodwood"	"Two Tribes"	"5.50"	"9"	"Handicap"	"1"	"27"	"Egan, David"	"Spencer, Richard"	"6f "	"4"	"7"
"15:05:00"	"2025-08-02"	"Goodwood"	"Drama"	"50.00"	"102.02"	"Handicap"	"26"	"27"	"Marquand, Tom"	"Ferguson, James"	"6f "	"4"	"35"
"15:45:00"	"2025-07-29"	"Goodwood"	"Mon Na Slieve (IRE)"	"22.00"	"22.46"	"Handicap"	"10"	"20"	"Loughnane, Mr Billy"	"Ryan, K A"	"5f "	"4"	"25"
"15:00:00"	"2025-07-26"	"Ascot"	"Two Tribes"	"25.00"	"40"	"Handicap"	"1"	"21"	"Egan, David"	"Spencer, Richard"	"7f "	"4"	"15"
"19:13:00"	"2025-07-25"	"York"	"Vince Lamour (IRE)"	"28.00"	"46"	"Handicap"	"10"	"22"	"Mason, Joanna"	"Easterby, T D"	"6f "	"4"	"13"
"17:00:00"	"2025-06-18"	"Ascot"	"Qirat"	"10.00"	"16"	"Handicap"	"27"	"30"	"Keane, C T"	"Beckett, R M"	"1m "	"4"	"39"
"15:35:00"	"2024-09-21"	"Ayr"	"Mostabshir"	"11.00"	"14.53"	"Handicap"	"7"	"25"	"Crowley, Jim"	"Gosden, J H M"	"6f "	"4"	"49"
"14:25:00"	"2024-09-21"	"Ayr"	"Rhythm N Hooves"	"11.00"	"16.32"	"Handicap"	"19"	"22"	"Fanning, Joe"	"Cowell, R M H"	"6f "	"4"	"18"
"16:15:00"	"2024-09-20"	"Ayr"	"Cavalier Approach (IRE)"	"40.00"	"85"	"Handicap"	"23"	"24"	"McDonald, P J"	"Bethell, Ed"	"6f "	"4"	"10"
"17:45:00"	"2024-08-17"	"Curragh"	"Never Shout Never (IRE)"	"9.00"	"15.41"	"Handicap"	"4"	"21"	"Whelan, R P"	"Davison, Jack W"	"6f "	"4"	"12"
"15:35:00"	"2024-08-03"	"Goodwood"	"Mostabshir"	"14.00"	"17.72"	"Handicap"	"4"	"25"	"Crowley, Jim"	"Gosden, J H M"	"6f "	"4"	"21"
"15:35:00"	"2024-08-03"	"Goodwood"	"Rhythm N Hooves"	"80.00"	"155.36"	"Handicap"	"16"	"25"	"Morris, Luke"	"Watson, Archie"	"6f "	"4"	"2"
"16:00:00"	"2024-07-13"	"Newmarket (July)"	"Mostabshir"	"10.00"	"15.5"	"Handicap"	"18"	"20"	"Crowley, Jim"	"Gosden, J H M"	"7f "	"4"	"23"
"18:15:00"	"2024-06-20"	"Ascot"	"Mostabshir"	"16.00"	"17.38"	"Handicap"	"4"	"26"	"Crowley, Jim"	"Gosden, J H M"	"7f "	"4"	"40"
"17:05:00"	"2024-06-19"	"Ascot"	"Thunder Ball"	"33.00"	"55"	"Handicap"	"26"	"29"	"Voikhansky, Alexander"	"Cole, P F I"	"1m "	"4"	"47"
"14:40:00"	"2024-05-11"	"Ascot"	"Mostabshir"	"7.00"	"8.8"	"Handicap"	"11"	"21"	"Crowley, Jim"	"Gosden, J H M"	"7f "	"4"	"45"
"17:05:00"	"2024-04-20"	"Curragh"	"Hokusai (IRE)"	"18.00"	"32"	"Handicap"	"12"	"21"	"Powell, J A"	"Meade, Noel"	"6f "	"4"	"33"
"15:35:00"	"2024-03-23"	"Doncaster"	"Chuzzlewit"	"66.00"	"177.86"	"Handicap"	"9"	"20"	"Gray, S A"	"Ryan, K A"	"1m "	"4"	"10"
"13:45:00"	"2023-10-18"	"Navan"	"Universally (IRE)"	"9.00"	"14.18"	"Handicap"	"3"	"22"	"Hayes, C D"	"ONeill, E J"	"5.5f "	"4"	"11"
"15:40:00"	"2023-09-30"	"Newmarket (Rowley)"	"Akhu Najla"	"50.00"	"97.96"	"Handicap"	"34"	"34"	"Egan, David"	"Varian, Roger"	"1m1f "	"4"	"37"
"14:25:00"	"2023-09-23"	"Ayr"	"Fast And Loose"	"18.00"	"18.4"	"Handicap"	"15"	"25"	"Scott, Rowan"	"Ryan, K A"	"6f "	"4"	"22"
"13:50:00"	"2023-08-23"	"York"	"Dig Two (IRE)"	"66.00"	"103.08"	"Handicap"	"19"	"20"	"Osborne, Saffie"	"Sangster, Ollie"	"5.5f "	"4"	"51"
"15:35:00"	"2023-08-05"	"Goodwood"	"Aphelios"	"80.00"	"135.71"	"Handicap"	"9"	"27"	"Ladd, Theodore"	"Appleby, M"	"6f "	"4"	"25"
"15:35:00"	"2023-08-05"	"Goodwood"	"Watchya"	"100.00"	"292.2"	"Handicap"	"25"	"27"	"Levey, S M"	"Baker, George"	"6f "	"4"	"71"
"15:00:00"	"2023-07-29"	"Ascot"	"Tacarib Bay"	"28.00"	"48"	"Handicap"	"6"	"25"	"Levey, S M"	"Hannon (Jnr), Richard"	"7f "	"4"	"102"
"17:00:00"	"2023-06-24"	"Ascot"	"Hierarchy (IRE)"	"100.00"	"233.11"	"Handicap"	"19"	"27"	"Osborne, Saffie"	"Osborne, J A"	"6f "	"4"	"247"
"18:10:00"	"2023-06-22"	"Ascot"	"Toimy Son (FR)"	"50.00"	"84.97"	"Handicap"	"18"	"29"	"Murphy, Oisin"	"Menuisier, David"	"7f "	"4"	"40"
"17:00:00"	"2023-06-21"	"Ascot"	"Jimi Hendrix (IRE)"	"22.00"	"38"	"Handicap"	"1"	"30"	"Ryan, Rossa"	"Beckett, R M"	"1m "	"4"	"46"
"17:00:00"	"2023-06-21"	"Ascot"	"Sonny Liston (IRE)"	"25.00"	"38"	"Handicap"	"2"	"30"	"Moore, Ryan"	"Beckett, R M"	"1m "	"4"	"32"
"17:00:00"	"2023-06-21"	"Ascot"	"Wanees"	"22.00"	"29.74"	"Handicap"	"28"	"30"	"Crowley, Jim"	"Hills, Charles"	"1m "	"4"	"32"
"14:25:00"	"2023-04-01"	"Doncaster"	"Dirtyoldtown (IRE)"	"8.50"	"12.5"	"Handicap"	"20"	"22"	"James, S H"	"Tuer, Grant"	"1m "	"4"	"196"
"16:45:00"	"2022-10-22"	"Doncaster"	"Surprise Picture (IRE)"	"28.00"	"51.46"	"Handicap"	"12"	"20"	"Watson, Jason"	"Dalgleish, Keith"	"7f "	"4"	"12"
"15:40:00"	"2022-09-17"	"Ayr"	"Bergerac (IRE)"	"22.00"	"55"	"Handicap"	"6"	"24"	"Eaves, Tom"	"Ryan, K A"	"6f "	"4"	"31"
"15:45:00"	"2022-09-16"	"Ayr"	"Tipperary Tiger (IRE)"	"11.00"	"12.22"	"Handicap"	"12"	"24"	"Jamin, Pierre-Louis"	"Burke, K R"	"6f "	"4"	"9"
"13:50:00"	"2022-08-17"	"York"	"Bergerac (IRE)"	"22.00"	"32.67"	"Handicap"	"1"	"22"	"Eaves, Tom"	"Ryan, K A"	"5.5f "	"4"	"12"
"13:50:00"	"2022-08-17"	"York"	"Dusky Lord"	"11.00"	"20"	"Handicap"	"22"	"22"	"Egan, David"	"Varian, Roger"	"5.5f "	"4"	"22"
"17:15:00"	"2022-07-09"	"York"	"Surprise Picture (IRE)"	"40.00"	"80"	"Handicap"	"6"	"20"	"Garritty, Billy"	"Dalgleish, Keith"	"6f "	"4"	"21"
"17:00:00"	"2022-06-18"	"Ascot"	"Warrior Brave"	"50.00"	"82.94"	"Handicap"	"14"	"26"	"Keane, C T"	"OSullivan, Ross"	"6f "	"4"	"22"
"17:00:00"	"2022-06-15"	"Ascot"	"Lunar Space (IRE)"	"125.00"	"674.9"	"Handicap"	"26"	"29"	"Osborne, Saffie"	"Osborne, J A"	"1m "	"4"	"235"
"14:15:00"	"2022-05-07"	"Naas"	"Gegenpressing"	"11.00"	"18.5"	"Handicap"	"8"	"20"	"McDonogh, D P"	"Harty, Edward and Patrick"	"5f "	"4"	"12"
"14:15:00"	"2022-05-07"	"Naas"	"Cleveleys"	"40.00"	"72.36"	"Handicap"	"14"	"20"	"McCullagh, N G"	"Condon, K J"	"5f "	"4"	"27"
"13:45:00"	"2021-10-20"	"Navan"	"Mogwli (IRE)"	"14.00"	"19"	"Handicap"	"3"	"21"	"Butler, D"	"McCreery, W"	"5.5f "	"4"	"16"
"13:45:00"	"2021-10-20"	"Navan"	"Linus Larrabee (IRE)"	"11.00"	"15.5"	"Handicap"	"7"	"21"	"McDonogh, D P"	"Lynam, Edward"	"5.5f "	"4"	"22"
"16:15:00"	"2021-10-10"	"Curragh"	"Earls (IRE)"	"12.00"	"17.5"	"Handicap"	"4"	"23"	"Lordan, W M"	"Donnelly, Garvan"	"6f "	"4"	"10"
"15:15:00"	"2021-10-09"	"York"	"Punchbowl Flyer (IRE)"	"18.00"	"19.26"	"Handicap"	"13"	"21"	"Bishop, Charles"	"Houghton, Eve Johnson"	"6f "	"4"	"7"
"15:40:00"	"2021-09-25"	"Newmarket (Rowley)"	"Fastnet Crown (IRE)"	"33.00"	"50.91"	"Handicap"	"5"	"26"	"Roche, L F"	"OCallaghan, M D"	"1m1f "	"4"	"29"
"15:45:00"	"2021-08-14"	"Ripon"	"Illusionist (GER)"	"50.00"	"80.87"	"Handicap"	"17"	"20"	"Mullen, Andrew"	"Tuer, Grant"	"6f "	"4"	"29"
"15:40:00"	"2021-07-31"	"Goodwood"	"Punchbowl Flyer (IRE)"	"18.00"	"21.49"	"Handicap"	"9"	"24"	"Bishop, Charles"	"Houghton, Eve Johnson"	"6f "	"4"	"33"
"17:00:00"	"2021-06-19"	"Ascot"	"Punchbowl Flyer (IRE)"	"14.00"	"15"	"Handicap"	"8"	"21"	"Bishop, Charles"	"Houghton, Eve Johnson"	"6f "	"4"	"21"
"17:00:00"	"2021-05-22"	"Curragh"	"Mogwli (IRE)"	"50.00"	"69.06"	"Handicap"	"6"	"22"	"Cleary, R P"	"McCreery, W"	"6f "	"4"	"26"
"18:10:00"	"2021-05-07"	"Cork"	"Fil The Power"	"40.00"	"73.99"	"Handicap"	"2"	"20"	"Sheehy, Danny"	"Smith, Kevin"	"7f "	"4"	"13"
"18:10:00"	"2021-05-07"	"Cork"	"Wonder Elzaam (IRE)"	"22.00"	"33.57"	"Handicap"	"19"	"20"	"Farragher, Adam J"	"Egan, Niall"	"7f "	"4"	"20"
"17:10:00"	"2021-03-21"	"Curragh"	"The Peckhampouncer (IRE)"	"33.00"	"32.53"	"Handicap"	"5"	"20"	"McAteer, L T"	"Broad, D"	"6f "	"4"	"16"
"15:35:00"	"2020-09-26"	"Newmarket (Rowley)"	"Majestic Dawn (IRE)"	"40.00"	"46.69"	"Handicap"	"1"	"27"	"Hanagan, Paul"	"Cole, P F I"	"1m1f "	"4"	"17"
"17:05:00"	"2020-09-04"	"Thirsk"	"Luxor"	"9.00"	"12.91"	"Handicap"	"14"	"20"	"Fanning, Joe"	"Dalgleish, Keith"	"6f "	"4"	"15"
"13:45:00"	"2020-08-19"	"York"	"Magic J (USA)"	"7.00"	"11.08"	"Handicap"	"7"	"21"	"Murphy, Oisin"	"Vaughan, E F"	"5.5f "	"4"	"24"
"13:15:00"	"2020-06-17"	"Ascot"	"Brains (IRE)"	"66.00"	"118.97"	"Handicap"	"20"	"22"	"Currie, Nicola"	"Osborne, J A"	"1m "	"4"	"8"
"17:35:00"	"2019-10-13"	"Curragh"	"Its All A Joke (IRE)"	"33.00"	"130.91"	"Handicap"	"12"	"28"	"Keane, C T"	"McGuinness, Adrian"	"6f "	"4"	"12"
"15:40:00"	"2019-09-28"	"Newmarket (Rowley)"	"Cockalorum (IRE)"	"50.00"	"72.95"	"Handicap"	"21"	"30"	"Curtis, B A"	"Fell, R / Murray, S"	"1m1f "	"4"	"35"
"14:35:00"	"2019-09-28"	"Curragh"	"Verhoyen"	"9.00"	"16.88"	"Handicap"	"7"	"20"	"Lee, W J"	"Grassick, M C"	"5f "	"4"	"70"
"14:35:00"	"2019-09-28"	"Curragh"	"Fridtjof Nansen"	"7.00"	"7.74"	"Handicap"	"9"	"20"	"Hayes, C D"	"Cotter, Kieran P"	"5f "	"4"	"8"
"15:50:00"	"2019-09-21"	"Ayr"	"Laugh A Minute"	"12.00"	"19.5"	"Handicap"	"24"	"24"	"Ryan, Rossa"	"Varian, Roger"	"6f "	"4"	"64"
"13:50:00"	"2019-09-14"	"Doncaster"	"Arecibo (FR)"	"33.00"	"41.3"	"Handicap"	"4"	"22"	"Nolan, D"	"OMeara, D"	"5.5f "	"4"	"7"
"17:50:00"	"2019-08-30"	"Curragh"	"Fridtjof Nansen"	"8.00"	"10.22"	"Handicap"	"4"	"23"	"Coen, Ben M"	"Cotter, Kieran P"	"6f "	"4"	"7"
"17:00:00"	"2019-06-19"	"Ascot"	"Stylehunter"	"22.00"	"36"	"Handicap"	"4"	"28"	"Havlin, Robert"	"Gosden, J H M"	"1m "	"4"	"11"
"16:45:00"	"2019-05-06"	"Curragh"	"Verhoyen"	"10.00"	"14.56"	"Handicap"	"1"	"30"	"Lee, W J"	"Grassick, M C"	"6f "	"4"	"8"
"14:35:00"	"2019-04-28"	"Navan"	"Verhoyen"	"10.00"	"14.5"	"Handicap"	"4"	"21"	"Coen, Ben M"	"Grassick, M C"	"5.5f "	"4"	"15"
"15:25:00"	"2019-04-13"	"Naas"	"Verhoyen"	"20.00"	"29"	"Handicap"	"3"	"20"	"Coen, Ben M"	"Grassick, M C"	"6f "	"4"	"10"
"15:25:00"	"2019-04-13"	"Naas"	"May Remain"	"12.00"	"16.04"	"Handicap"	"7"	"20"	"Carroll, G F"	"OBrien, Richard John"	"6f "	"4"	"14"
"14:15:00"	"2019-03-30"	"Navan"	"May Remain"	"20.00"	"36"	"Handicap"	"10"	"23"	"Halpin, G P"	"OBrien, Richard John"	"5f "	"4"	"85"
"15:25:00"	"2018-10-27"	"Doncaster"	"Erissimus Maximus (FR)"	"16.00"	"32.04"	"Handicap"	"2"	"22"	"Currie, Nicola"	"Dwyer, C A"	"5f "	"4"	"21"
"16:00:00"	"2018-10-26"	"Newbury"	"Golden Slam"	"10.00"	"12.5"	"Handicap"	"3"	"20"	"Atzeni, Andrea"	"Varian, Roger"	"7f "	"4"	"36"
"15:50:00"	"2018-09-22"	"Ayr"	"Son Of Rest"	"5.00"	"7.02"	"Handicap"	"1"	"25"	"Hayes, C D"	"Stack, J A"	"6f "	"4"	"6"
"15:40:00"	"2018-08-04"	"Goodwood"	"Open Wide (USA)"	"40.00"	"120"	"Handicap"	"13"	"26"	"Turner, Hayley"	"Perrett, Mrs A J"	"6f "	"4"	"12"
"17:00:00"	"2018-06-20"	"Ascot"	"Tricorn (IRE)"	"16.00"	"20"	"Handicap"	"10"	"30"	"McDonald, James"	"Gosden, J H M"	"1m "	"4"	"21"
"15:45:00"	"2018-04-21"	"Newbury"	"Mazyoun"	"33.00"	"65"	"Handicap"	"19"	"22"	"Cosgrave, Pat"	"Palmer, Hugo"	"1m "	"4"	"173"
"14:25:00"	"2018-03-24"	"Doncaster"	"Apex King (IRE)"	"33.00"	"80"	"Handicap"	"14"	"20"	"Atzeni, Andrea"	"Dunlop, E A L"	"1m "	"4"	"12"
"15:35:00"	"2017-10-27"	"Doncaster"	"Al Qahwa (IRE)"	"12.00"	"16"	"Handicap"	"10"	"22"	"Tudhope, Daniel"	"OMeara, D"	"6f "	"4"	"13"
"16:30:00"	"2017-10-13"	"York"	"East Street Revue"	"12.00"	"16.38"	"Handicap"	"1"	"20"	"Fentiman, Duran"	"Easterby, T D"	"5f "	"4"	"41"
"16:30:00"	"2017-10-13"	"York"	"Bossipop"	"28.00"	"44"	"Handicap"	"19"	"20"	"Mulrennan, Paul"	"Easterby, T D"	"5f "	"4"	"13"
"13:50:00"	"2017-09-16"	"Doncaster"	"Bossipop"	"33.00"	"55"	"Handicap"	"22"	"22"	"Hart, Jason"	"Easterby, T D"	"5.5f "	"4"	"7"
"14:40:00"	"2017-08-19"	"Ripon"	"Bossipop"	"6.00"	"8.37"	"Handicap"	"16"	"20"	"Allan, David"	"Easterby, T D"	"6f "	"4"	"12"
"15:35:00"	"2017-08-05"	"Goodwood"	"Raucous"	"14.00"	"15.74"	"Handicap"	"12"	"26"	"Crowley, Jim"	"Haggas, W J"	"6f "	"4"	"14"
"15:00:00"	"2017-07-29"	"Ascot"	"Stamp Hill (IRE)"	"50.00"	"137.97"	"Handicap"	"1"	"27"	"Hanagan, Paul"	"Fahey, R A"	"7f "	"4"	"15"
"15:00:00"	"2017-07-29"	"Ascot"	"Remarkable"	"8.00"	"11.69"	"Handicap"	"11"	"27"	"Dettori, L"	"Gosden, J H M"	"7f "	"4"	"7"
"15:00:00"	"2017-07-29"	"Ascot"	"Fastnet Tempest (IRE)"	"7.00"	"9.01"	"Handicap"	"22"	"27"	"Moore, Ryan"	"Haggas, W J"	"7f "	"4"	"38"
"18:55:00"	"2017-07-26"	"Naas"	"Hes Complete"	"25.00"	"93.57"	"Handicap"	"16"	"20"	"Hennessy, Killian"	"Stack, J A"	"6f "	"4"	"12"
"17:00:00"	"2017-06-24"	"Ascot"	"Raucous"	"5.50"	"9.17"	"Handicap"	"8"	"27"	"Moore, Ryan"	"Haggas, W J"	"6f "	"4"	"33"
"17:00:00"	"2017-06-24"	"Ascot"	"Birchwood (IRE)"	"25.00"	"31.45"	"Handicap"	"19"	"27"	"Doyle, James"	"Fahey, R A"	"6f "	"4"	"42"
"17:00:00"	"2017-06-21"	"Ascot"	"Blair House (IRE)"	"16.00"	"22"	"Handicap"	"2"	"29"	"Barzalona, Mickael"	"Appleby, Charlie"	"1m "	"4"	"242"
"17:00:00"	"2017-06-21"	"Ascot"	"Remarkable"	"25.00"	"46.6"	"Handicap"	"6"	"29"	"Shoemark, Kieran"	"Gosden, J H M"	"1m "	"4"	"19"
"17:00:00"	"2017-06-21"	"Ascot"	"Castle Harbour"	"40.00"	"85"	"Handicap"	"27"	"29"	"Smullen, P J"	"Gosden, J H M"	"1m "	"4"	"27"
"16:00:00"	"2017-05-13"	"Ascot"	"Remarkable"	"7.50"	"9.79"	"Handicap"	"10"	"24"	"Shoemark, Kieran"	"Gosden, J H M"	"7f "	"4"	"210"
"15:40:00"	"2017-04-22"	"Newbury"	"In The Red (IRE)"	"50.00"	"223.18"	"Handicap"	"18"	"21"	"Garbutt, Noel"	"Smith, Martin"	"1m "	"4"	"95"
"15:45:00"	"2016-10-21"	"Doncaster"	"Burnt Sugar (IRE)"	"18.00"	"28.31"	"Handicap"	"11"	"21"	"Doyle, Hollie"	"Hannon (Jnr), Richard"	"6f "	"4"	"20"
"15:45:00"	"2016-10-08"	"York"	"Teruntum Star (FR)"	"33.00"	"79.75"	"Handicap"	"18"	"20"	"Gray, S A"	"Ryan, K A"	"6f "	"4"	"21"
"15:45:00"	"2016-10-08"	"York"	"Captain Colby (USA)"	"3.00"	"3.97"	"Handicap"	"20"	"20"	"Baker, George"	"Walker, Ed"	"6f "	"4"	"28"
"14:35:00"	"2016-09-17"	"Ayr"	"George Bowen (IRE)"	"14.00"	"17.04"	"Handicap"	"15"	"25"	"Hamilton, Tony"	"Fahey, R A"	"6f "	"4"	"6"
"14:35:00"	"2016-09-17"	"Ayr"	"Handsome Dude"	"25.00"	"41.34"	"Handicap"	"21"	"25"	"Gibbons, Graham"	"Barron, T D"	"6f "	"4"	"9"
"15:05:00"	"2016-09-16"	"Ayr"	"Dragon King (IRE)"	"14.00"	"17"	"Handicap"	"18"	"21"	"Mulrennan, Paul"	"Dods, M"	"5f "	"4"	"13"
"14:35:00"	"2016-09-10"	"Doncaster"	"Captain Colby (USA)"	"6.00"	"9.16"	"Handicap"	"1"	"20"	"Buick, William"	"Walker, Ed"	"5.5f "	"4"	"24"
"18:00:00"	"2016-09-08"	"Doncaster"	"Handsome Dude"	"25.00"	"36.8"	"Handicap"	"1"	"20"	"Gibbons, Graham"	"Barron, T D"	"6f "	"4"	"13"
"13:55:00"	"2016-08-17"	"York"	"Captain Colby (USA)"	"14.00"	"18.75"	"Handicap"	"3"	"20"	"Buick, William"	"Walker, Ed"	"5.5f "	"4"	"22"
"15:25:00"	"2016-08-13"	"Ripon"	"George Bowen (IRE)"	"8.00"	"10.71"	"Handicap"	"7"	"20"	"Hamilton, Tony"	"Fahey, R A"	"6f "	"4"	"28"
"15:25:00"	"2016-08-13"	"Ripon"	"Handsome Dude"	"16.00"	"17.27"	"Handicap"	"8"	"20"	"Gibbons, Graham"	"Barron, T D"	"6f "	"4"	"14"
"15:25:00"	"2016-08-13"	"Ripon"	"Patrick (IRE)"	"25.00"	"35.84"	"Handicap"	"16"	"20"	"Chaloner, G"	"Fahey, R A"	"6f "	"4"	"21"
"14:00:00"	"2016-07-30"	"Goodwood"	"Handsome Dude"	"50.00"	"119.65"	"Handicap"	"10"	"28"	"Hornby, Rob"	"Barron, T D"	"6f "	"4"	"22"
"14:15:00"	"2016-04-02"	"Doncaster"	"Azraff (IRE)"	"9.00"	"14.19"	"Handicap"	"17"	"21"	"Moore, Ryan"	"Botti, M"	"1m "	"4"	"157"
"15:10:00"	"2015-10-23"	"Doncaster"	"Cool Bahamian (IRE)"	"20.00"	"22.1"	"Handicap"	"15"	"21"	"Fanning, Joe"	"Houghton, Eve Johnson"	"6f "	"4"	"23"
"15:05:00"	"2015-09-18"	"Ayr"	"New Bidder"	"12.00"	"14.95"	"Handicap"	"3"	"25"	"Lee, G"	"OKeeffe, Jedd"	"6f "	"4"	"53"
"14:00:00"	"2015-09-13"	"Curragh"	"Twin Appeal (IRE)"	"14.00"	"24.37"	"Handicap"	"13"	"22"	"Gibbons, Graham"	"Barron, T D"	"6f "	"4"	"43"
"14:00:00"	"2015-09-13"	"Curragh"	"Alkasser (IRE)"	"16.00"	"38.48"	"Handicap"	"17"	"22"	"Smullen, P J"	"Weld, D K"	"6f "	"4"	"8"
"18:00:00"	"2015-09-10"	"Doncaster"	"Pennine Warrior"	"80.00"	"224.25"	"Handicap"	"5"	"20"	"ONeill, K T"	"Dixon, Scott"	"6f "	"4"	"45"
"17:00:00"	"2015-06-28"	"Curragh"	"Prince Connoisseur (IRE)"	"14.00"	"19.5"	"Handicap"	"21"	"21"	"Berry, F M"	"Feane, John James"	"5f "	"4"	"24"
"14:55:00"	"2015-05-30"	"York"	"Green Door (IRE)"	"10.00"	"18.79"	"Handicap"	"12"	"20"	"Atzeni, Andrea"	"Stevens, Olly"	"5f "	"4"	"43"
"15:00:00"	"2015-05-03"	"Newmarket (Rowley)"	"Bahamian Heights"	"33.00"	"80"	"Handicap"	"9"	"22"	"Schofield, Chad"	"Brittain, C E"	"6f "	"4"	"234"
"17:00:00"	"2014-09-26"	"Newmarket (Rowley)"	"Miguel Grau (USA)"	"20.00"	"27.5"	"Handicap"	"19"	"22"	"Atzeni, Andrea"	"Varian, Roger"	"1m1f "	"4"	"33"
"15:50:00"	"2014-09-20"	"Ayr"	"Blaine"	"7.00"	"8.56"	"Handicap"	"3"	"27"	"Ryan, Amy"	"Ryan, K A"	"6f "	"4"	"31"
"14:05:00"	"2014-09-14"	"Curragh"	"Zalty (FR)"	"9.00"	"11"	"Handicap"	"2"	"20"	"ODonoghue, C"	"Marnane, David"	"6f "	"4"	"28"
"14:50:00"	"2014-08-16"	"Ripon"	"Duke Cosimo"	"6.50"	"8.26"	"Handicap"	"1"	"20"	"Gibbons, Graham"	"Barron, T D"	"6f "	"4"	"9"
"15:50:00"	"2014-08-02"	"Goodwood"	"Flyman"	"50.00"	"117.93"	"Handicap"	"17"	"24"	"Garritty, Jack"	"Fahey, R A"	"6f "	"4"	"84"
"15:50:00"	"2014-08-02"	"Goodwood"	"Blaine"	"33.00"	"58.84"	"Handicap"	"23"	"24"	"Ryan, Amy"	"Ryan, K A"	"6f "	"4"	"15"
"14:15:00"	"2014-05-25"	"Curragh"	"Tylery Wonder (IRE)"	"12.00"	"14.83"	"Handicap"	"7"	"20"	"Lee, W J"	"McCreery, W"	"6f "	"4"	"7"
"15:10:00"	"2014-05-04"	"Newmarket (Rowley)"	"Go Far"	"50.00"	"135.45"	"Handicap"	"8"	"21"	"Clark, Tim"	"Bailey, A"	"6f "	"4"	"8"
"17:00:00"	"2014-04-13"	"Curragh"	"Tylery Wonder (IRE)"	"10.00"	"16.91"	"Handicap"	"3"	"20"	"Lee, W J"	"McCreery, W"	"6f "	"4"	"180"
"16:05:00"	"2013-11-09"	"Doncaster"	"Kung Hei Fat Choy (USA)"	"25.00"	"37.78"	"Handicap"	"17"	"21"	"Bergin, D H"	"Given, J G"	"7f "	"4"	"11"
"16:45:00"	"2013-10-19"	"Ascot"	"Trail Blaze (IRE)"	"20.00"	"29.09"	"Handicap"	"10"	"27"	"Stott, Kevin"	"Ryan, K A"	"7f "	"4"	"14"
"15:50:00"	"2013-09-28"	"Newmarket (Rowley)"	"Danchai"	"20.00"	"36.24"	"Handicap"	"24"	"31"	"Buick, William"	"Haggas, W J"	"1m1f "	"4"	"28"
"15:50:00"	"2013-09-21"	"Ayr"	"Khubala (IRE)"	"12.00"	"14.73"	"Handicap"	"24"	"26"	"Makin, Phillip"	"Palmer, Hugo"	"6f "	"4"	"48"
"14:40:00"	"2013-09-21"	"Ayr"	"Trail Blaze (IRE)"	"12.00"	"16"	"Handicap"	"18"	"27"	"Callan, N"	"Ryan, K A"	"6f "	"4"	"14"
"14:40:00"	"2013-09-21"	"Ayr"	"Gandalak (FR)"	"25.00"	"50"	"Handicap"	"22"	"27"	"Bergin, D H"	"OMeara, D"	"6f "	"4"	"98"
"14:40:00"	"2013-09-19"	"Ayr"	"Boris Grigoriev (IRE)"	"10.00"	"10.88"	"Handicap"	"1"	"20"	"Gibbons, Graham"	"Easterby, M W"	"5f "	"4"	"38"
"14:45:00"	"2013-09-15"	"Curragh"	"The Home Ruler (IRE)"	"20.00"	"82.52"	"Handicap"	"12"	"23"	"McCullagh, N G"	"McCreery, W"	"6f "	"4"	"13"
"14:40:00"	"2013-09-14"	"Doncaster"	"Burwaaz"	"14.00"	"26.61"	"Handicap"	"19"	"21"	"Hanagan, Paul"	"Dunlop, E A L"	"5.5f "	"4"	"42"
"15:50:00"	"2013-08-03"	"Goodwood"	"Burwaaz"	"25.00"	"44"	"Handicap"	"3"	"27"	"Hanagan, Paul"	"Dunlop, E A L"	"6f "	"4"	"21"
"17:25:00"	"2013-07-30"	"Goodwood"	"Tioman Legend"	"9.00"	"9.92"	"Handicap"	"19"	"20"	"Baker, George"	"Charlton, Roger/Harry"	"5f "	"4"	"31"
"15:30:00"	"2013-07-27"	"York"	"Khubala (IRE)"	"6.00"	"7.55"	"Handicap"	"3"	"20"	"Dettori, L"	"Palmer, Hugo"	"6f "	"4"	"35"
"15:15:00"	"2013-07-27"	"Ascot"	"Trail Blaze (IRE)"	"40.00"	"100"	"Handicap"	"2"	"29"	"Probert, David"	"Ryan, K A"	"7f "	"4"	"7"
"16:25:00"	"2013-06-22"	"Ascot"	"Khubala (IRE)"	"16.00"	"20"	"Handicap"	"4"	"26"	"Dettori, L"	"Palmer, Hugo"	"6f "	"4"	"19"
"17:35:00"	"2013-06-21"	"Ascot"	"Democretes"	"16.00"	"22"	"Handicap"	"16"	"27"	"Hughes, Richard"	"Hannon, R"	"7f "	"4"	"42"
"16:30:00"	"2013-05-26"	"Curragh"	"Srucahan (IRE)"	"16.00"	"34.14"	"Handicap"	"3"	"25"	"Spencer, Jamie"	"Deegan, P D"	"6f "	"4"	"7"
"15:50:00"	"2013-05-11"	"Ascot"	"Fast Finian (IRE)"	"33.00"	"70"	"Handicap"	"18"	"26"	"Jones, Liam"	"DArcy, P W"	"7f "	"4"	"11"
"15:30:00"	"2013-04-13"	"Doncaster"	"Hamza (IRE)"	"25.00"	"40"	"Handicap"	"4"	"20"	"Ryan, Amy"	"Ryan, K A"	"6f "	"4"	"203"
"15:45:00"	"2012-11-10"	"Doncaster"	"Jacks Revenge (IRE)"	"12.00"	"16.27"	"Handicap"	"2"	"20"	"Fortune, Jimmy"	"Baker, George"	"7f "	"4"	"42"
"14:30:00"	"2012-10-27"	"Doncaster"	"York Glory (USA)"	"16.00"	"25.26"	"Handicap"	"4"	"21"	"Makin, Phillip"	"Ryan, K A"	"5f "	"4"	"135"
"16:45:00"	"2012-10-20"	"Ascot"	"Redvers (IRE)"	"16.00"	"20.31"	"Handicap"	"5"	"26"	"Murphy, Michael J M"	"Vaughan, E F"	"7f "	"4"	"21"
"16:50:00"	"2012-09-29"	"Newmarket (Rowley)"	"Redvers (IRE)"	"16.00"	"36.01"	"Handicap"	"2"	"21"	"Hanagan, Paul"	"Vaughan, E F"	"7f "	"4"	"14"
"15:40:00"	"2012-09-29"	"Newmarket (Rowley)"	"Jacks Revenge (IRE)"	"14.00"	"15.75"	"Handicap"	"8"	"33"	"Mosse, G"	"Baker, George"	"1m1f "	"4"	"60"
"14:20:00"	"2012-09-22"	"Ayr"	"El Viento (FR)"	"22.00"	"45.28"	"Handicap"	"20"	"23"	"Hamilton, Tony"	"Fahey, R A"	"6f "	"4"	"35"
"15:30:00"	"2012-08-18"	"Ripon"	"Lexis Hero (IRE)"	"10.00"	"14"	"Handicap"	"13"	"20"	"Callan, N"	"Ryan, K A"	"6f "	"4"	"14"
"15:30:00"	"2012-08-18"	"Ripon"	"Elusive Prince"	"20.00"	"25.28"	"Handicap"	"18"	"20"	"Heslop, Dean"	"Barron, T D"	"6f "	"4"	"14"
"15:55:00"	"2012-08-04"	"Goodwood"	"Whaileyy (IRE)"	"28.00"	"38.51"	"Handicap"	"20"	"27"	"Kirby, Adam"	"Botti, M"	"6f "	"4"	"7"
"15:55:00"	"2012-08-04"	"Goodwood"	"Elusive Prince"	"16.00"	"18.57"	"Handicap"	"23"	"27"	"Gibbons, Graham"	"Barron, T D"	"6f "	"4"	"21"
"14:05:00"	"2012-08-04"	"Goodwood"	"El Viento (FR)"	"25.00"	"52.94"	"Handicap"	"5"	"28"	"Ahern, Eddie"	"Fahey, R A"	"6f "	"4"	"7"
"17:25:00"	"2012-07-31"	"Goodwood"	"Long Awaited (IRE)"	"16.00"	"21.31"	"Handicap"	"4"	"23"	"Moore, Ryan"	"Barron, T D"	"5f "	"4"	"19"
"17:25:00"	"2012-07-31"	"Goodwood"	"Cadeaux Pearl"	"20.00"	"29.71"	"Handicap"	"21"	"23"	"Fallon, K"	"Dixon, Scott"	"5f "	"4"	"97"
"13:35:00"	"2012-07-21"	"Ascot"	"Redvers (IRE)"	"12.00"	"17.58"	"Handicap"	"1"	"24"	"Moore, Miss Hayley"	"Vaughan, E F"	"7f "	"4"	"28"
"13:35:00"	"2012-07-21"	"Ascot"	"Majestic Dream (IRE)"	"10.00"	"13.55"	"Handicap"	"6"	"24"	"Coward, Miss J"	"Easterby, M W"	"7f "	"4"	"7"
"17:35:00"	"2012-06-22"	"Ascot"	"Louis The Pious"	"40.00"	"66.02"	"Handicap"	"16"	"23"	"Makin, Phillip"	"Ryan, K A"	"7f "	"4"	"13"
"15:15:00"	"2012-06-02"	"Epsom"	"York Glory (USA)"	"12.00"	"13.14"	"Handicap"	"7"	"20"	"Spencer, Jamie"	"Ryan, K A"	"5f "	"4"	"17"
"19:25:00"	"2012-05-05"	"Doncaster"	"Lokis Revenge"	"33.00"	"48"	"Handicap"	"11"	"20"	"Carson, William"	"Jarvis, W"	"6f "	"4"	"208"
"14:05:00"	"2012-03-31"	"Doncaster"	"Prince Of Burma (IRE)"	"20.00"	"29.75"	"Handicap"	"5"	"22"	"Mongan, Ian"	"Gask, J R"	"1m "	"4"	"12"
"14:00:00"	"2011-10-22"	"Doncaster"	"Singeur (IRE)"	"10.00"	"13.97"	"Handicap"	"8"	"20"	"Newman, L"	"Bastiman, R"	"5f "	"4"	"7"
"15:45:00"	"2011-10-21"	"Doncaster"	"Bohemian Melody"	"12.00"	"15.16"	"Handicap"	"1"	"22"	"Buick, William"	"Botti, M"	"6f "	"4"	"27"
"15:45:00"	"2011-10-21"	"Doncaster"	"Iver Bridge Lad"	"16.00"	"20.8"	"Handicap"	"17"	"22"	"OConnell, Michael"	"Ryan, J"	"6f "	"4"	"129"
"16:45:00"	"2011-10-15"	"Ascot"	"Pleasant Day (IRE)"	"33.00"	"61.81"	"Handicap"	"10"	"29"	"Barry, Laura"	"Fahey, R A"	"7f "	"4"	"30"
"14:40:00"	"2011-09-25"	"Curragh"	"Murura (IRE)"	"7.00"	"9.67"	"Handicap"	"2"	"25"	"Makin, Phillip"	"Ryan, K A"	"6f "	"4"	"8"
"14:15:00"	"2011-09-17"	"Ayr"	"Ginger Ted (IRE)"	"18.00"	"23.28"	"Handicap"	"24"	"24"	"Holland, Darryll"	"Guest, R C"	"6f "	"4"	"31"
"15:20:00"	"2011-09-16"	"Ayr"	"Magical Macey (USA)"	"18.00"	"26.15"	"Handicap"	"1"	"22"	"Gibbons, Graham"	"Barron, T D"	"5f "	"4"	"13"
"15:30:00"	"2011-09-04"	"York"	"Swilly Ferry (USA)"	"14.00"	"18.01"	"Handicap"	"20"	"20"	"Carson, William"	"Hills, Charles"	"6f "	"4"	"7"
"14:05:00"	"2011-07-30"	"Goodwood"	"Kingsgate Choice (IRE)"	"28.00"	"42"	"Handicap"	"22"	"25"	"Drowne, Steve"	"Best, J R"	"6f "	"4"	"22"
"20:00:00"	"2011-06-24"	"Curragh"	"Bankroll"	"16.00"	"29"	"Handicap"	"22"	"22"	"OBrien, J P"	"Oliver, Andrew"	"5f "	"4"	"23"
"16:25:00"	"2011-06-15"	"Ascot"	"Capital Attraction (USA)"	"50.00"	"120"	"Handicap"	"10"	"28"	"Queally, T P"	"Cecil, H R A"	"1m "	"4"	"34"
"14:50:00"	"2011-06-04"	"Doncaster"	"Jack My Boy (IRE)"	"50.00"	"96.56"	"Handicap"	"17"	"20"	"Cosgrave, Pat"	"Evans, P D"	"7f "	"4"	"34"
"14:50:00"	"2011-06-04"	"Doncaster"	"Oasis Dancer"	"25.00"	"32"	"Handicap"	"19"	"20"	"Crowley, Jim"	"Beckett, R M"	"7f "	"4"	"28"
"15:25:00"	"2011-05-07"	"Ascot"	"Lutine Bell"	"20.00"	"42.51"	"Handicap"	"21"	"28"	"Fairley, Greg"	"Murphy, Mike"	"7f "	"4"	"34"
"15:50:00"	"2011-05-01"	"Newmarket (Rowley)"	"Jack My Boy (IRE)"	"16.00"	"19.63"	"Handicap"	"22"	"24"	"Fortune, Jimmy"	"Evans, P D"	"6f "	"4"	"6"
"15:45:00"	"2011-04-16"	"Newbury"	"Greyfriarschorista"	"14.00"	"17"	"Handicap"	"21"	"25"	"Hills, R"	"Johnston, M"	"1m "	"4"	"14"
"15:55:00"	"2011-04-03"	"Doncaster"	"Lutine Bell"	"18.00"	"19.75"	"Handicap"	"4"	"20"	"Callan, N"	"Murphy, Mike"	"6f "	"4"	"120"
"16:10:00"	"2010-11-06"	"Doncaster"	"Mister Laurel"	"8.00"	"9.8"	"Handicap"	"2"	"20"	"Fahy, J P"	"Fahey, R A"	"7f "	"4"	"8"
"16:10:00"	"2010-11-06"	"Doncaster"	"Space Station"	"5.50"	"7"	"Handicap"	"4"	"20"	"Beschizza,Adam "	"Dow, S"	"7f "	"4"	"14"
"16:10:00"	"2010-11-06"	"Doncaster"	"Thunderball"	"14.00"	"20.21"	"Handicap"	"5"	"20"	"Cray, Billy"	"Glover, J A"	"7f "	"4"	"14"
"15:55:00"	"2010-10-22"	"Doncaster"	"Secret Witness"	"14.00"	"15.47"	"Handicap"	"11"	"21"	"McLaughlin, T G"	"Harris, R A"	"6f "	"4"	"13"
"15:40:00"	"2010-10-02"	"Newmarket (Rowley)"	"Speed Dating"	"25.00"	"42"	"Handicap"	"15"	"35"	"Donohoe, Stephen"	"Prescott, Sir Mark"	"1m1f "	"4"	"54"
"15:20:00"	"2010-09-18"	"Ayr"	"Partner (IRE)"	"25.00"	"42"	"Handicap"	"22"	"26"	"McNamara, E J"	"Marnane, David"	"6f "	"4"	"41"
"14:15:00"	"2010-09-18"	"Ayr"	"Definightly"	"4.50"	"5.57"	"Handicap"	"16"	"25"	"Beschizza,Adam "	"Charlton, Roger/Harry"	"6f "	"4"	"7"
"14:45:00"	"2010-07-30"	"Goodwood"	"Secret Witness"	"50.00"	"94.62"	"Handicap"	"23"	"27"	"McLaughlin, T G"	"Harris, R A"	"6f "	"4"	"34"
"16:25:00"	"2010-06-16"	"Ascot"	"Invisible Man"	"28.00"	"56.64"	"Handicap"	"1"	"29"	"Dettori, L"	"Suroor, Saeed Bin"	"1m "	"4"	"20"
"13:55:00"	"2010-04-25"	"Navan"	"Forbidden City (IRE)"	"18.00"	"31.71"	"Handicap"	"6"	"22"	"James, S H"	"Coogan, J G"	"6f "	"4"	"22"
"15:45:00"	"2009-11-07"	"Doncaster"	"Cobo Bay"	"28.00"	"29"	"Handicap"	"9"	"20"	"Callan, N"	"Ryan, K A"	"7f "	"4"	"91"
"14:20:00"	"2009-10-24"	"Doncaster"	"Captain Gerrard (IRE)"	"25.00"	"45.99"	"Handicap"	"6"	"20"	"Eaves, Tom"	"Smart, B"	"5f "	"4"	"14"
"15:10:00"	"2009-09-19"	"Ayr"	"Blue Jack"	"33.00"	"64.46"	"Handicap"	"18"	"26"	"Hanagan, Paul"	"Muir, W R"	"6f "	"4"	"14"
"17:45:00"	"2009-07-30"	"Goodwood"	"Blue Jack"	"9.00"	"13.29"	"Handicap"	"1"	"23"	"Dwyer, Martin"	"Muir, W R"	"5f "	"4"	"10"
"15:50:00"	"2009-07-25"	"Ascot"	"Al Muheer (IRE)"	"40.00"	"71.48"	"Handicap"	"1"	"21"	"Sanders, Seb"	"Brittain, C E"	"7f "	"4"	"15"
"15:50:00"	"2009-07-25"	"Ascot"	"Stubbs Art (IRE)"	"20.00"	"26"	"Handicap"	"16"	"21"	"Shea, K"	"Kock, M F De"	"7f "	"4"	"281"
"17:30:00"	"2009-06-19"	"Ascot"	"Al Muheer (IRE)"	"33.00"	"43.08"	"Handicap"	"2"	"29"	"Sanders, Seb"	"Brittain, C E"	"7f "	"4"	"20"
"17:30:00"	"2009-06-19"	"Ascot"	"Hustle (IRE)"	"50.00"	"82.93"	"Handicap"	"14"	"29"	"Quinn, Jimmy"	"Kelleway, Miss Gay"	"7f "	"4"	"13"
"16:20:00"	"2009-06-17"	"Ascot"	"Mahadee (IRE)"	"66.00"	"122.25"	"Handicap"	"10"	"25"	"Callan, N"	"Brittain, C E"	"1m "	"4"	"47"
"15:45:00"	"2008-11-08"	"Doncaster"	"Invincible Force (IRE)"	"33.00"	"42"	"Handicap"	"1"	"21"	"Norton, Francis"	"Green, Paul"	"7f "	"4"	"6"
"15:45:00"	"2008-11-08"	"Doncaster"	"Well Come"	"12.00"	"14"	"Handicap"	"4"	"21"	"Holland, Darryll"	"Jarvis, M A"	"7f "	"4"	"22"
"15:45:00"	"2008-11-08"	"Doncaster"	"Jewelled Dagger (IRE)"	"25.00"	"55"	"Handicap"	"8"	"21"	"Fanning, Joe"	"Perratt, Miss L A"	"7f "	"4"	"12"
"12:25:00"	"2008-11-08"	"Doncaster"	"Shotley Mac"	"10.00"	"12.5"	"Handicap"	"12"	"21"	"Fentiman, Duran"	"Bycroft, N"	"7f "	"4"	"4"
"14:25:00"	"2008-10-04"	"Redcar"	"Charlie Tipple"	"22.00"	"34.93"	"Handicap"	"1"	"23"	"Mulrennan, Paul"	"Easterby, T D"	"1m "	"4"	"16"
"14:25:00"	"2008-10-04"	"Redcar"	"Moheebb (IRE)"	"16.00"	"28.46"	"Handicap"	"5"	"23"	"Elliott, Andrew"	"Carr, Mrs R A"	"1m "	"4"	"3"
"14:25:00"	"2008-10-04"	"Redcar"	"Shotley Mac"	"20.00"	"44.27"	"Handicap"	"6"	"23"	"Fentiman, Duran"	"Bycroft, N"	"1m "	"4"	"16"
"14:45:00"	"2008-09-30"	"Curragh"	"Flash McGahon (IRE)"	"14.00"	"21.2"	"Handicap"	"23"	"24"	"Kinane, M J"	"Oxx, John M"	"6f "	"4"	"46"
"15:40:00"	"2008-09-27"	"Ascot"	"Mastership (IRE)"	"11.00"	"15.5"	"Handicap"	"29"	"29"	"Murtagh, J"	"Quinn, J J"	"7f "	"4"	"33"
"15:30:00"	"2008-09-20"	"Ayr"	"Evens And Odds (IRE)"	"66.00"	"120"	"Handicap"	"18"	"27"	"Catlin, Chris"	"Ryan, K A"	"6f "	"4"	"7"
"16:40:00"	"2008-09-19"	"Ayr"	"Luscivious"	"100.00"	"342.91"	"Handicap"	"24"	"27"	"Dean, Tolley"	"McCabe, A J"	"6f "	"4"	"8"
"14:05:00"	"2008-09-13"	"Doncaster"	"Toms Laughter"	"14.00"	"19.63"	"Handicap"	"11"	"21"	"Ghunowa, Kevin"	"Harris, R A"	"5.5f "	"4"	"44"
"14:05:00"	"2008-09-13"	"Doncaster"	"Evens And Odds (IRE)"	"16.00"	"21.89"	"Handicap"	"14"	"21"	"Dettori, L"	"Ryan, K A"	"5.5f "	"4"	"35"
"16:50:00"	"2008-09-11"	"Doncaster"	"Stevie Gee (IRE)"	"10.00"	"10.48"	"Handicap"	"7"	"21"	"Winston, Robert"	"Swinbank, G A"	"6f "	"4"	"12"
"16:50:00"	"2008-09-11"	"Doncaster"	"Luscivious"	"40.00"	"61.33"	"Handicap"	"19"	"21"	"Dwyer, Martin"	"McCabe, A J"	"6f "	"4"	"19"
"17:50:00"	"2008-07-31"	"Goodwood"	"Toms Laughter"	"6.00"	"7.98"	"Handicap"	"4"	"20"	"Ghunowa, Kevin"	"Harris, R A"	"5f "	"4"	"4"
"14:50:00"	"2008-07-27"	"Ascot"	"Toms Laughter"	"50.00"	"80.29"	"Handicap"	"1"	"26"	"Ghunowa, Kevin"	"Harris, R A"	"5f "	"4"	"16"
"14:50:00"	"2008-07-27"	"Ascot"	"Invincible Force (IRE)"	"16.00"	"23.02"	"Handicap"	"7"	"26"	"Queally, T P"	"Green, Paul"	"5f "	"4"	"16"
"17:30:00"	"2008-06-20"	"Ascot"	"Docofthebay (IRE)"	"5.00"	"7"	"Handicap"	"13"	"28"	"Kelly, Shane"	"Osborne, J A"	"7f "	"4"	"2"
"16:20:00"	"2008-06-18"	"Ascot"	"Docofthebay (IRE)"	"10.00"	"13.5"	"Handicap"	"2"	"29"	"Kelly, Shane"	"Osborne, J A"	"1m "	"4"	"23"
"16:20:00"	"2008-06-18"	"Ascot"	"Well Come"	"8.00"	"13.68"	"Handicap"	"14"	"29"	"Robinson, Philip"	"Jarvis, M A"	"1m "	"4"	"39"
"16:20:00"	"2008-06-18"	"Ascot"	"Emerald Wilderness (IRE)"	"40.00"	"62.97"	"Handicap"	"22"	"29"	"Durcan, Ted"	"King, A"	"1m "	"4"	"12"
"14:00:00"	"2008-05-25"	"Curragh"	"Herotozero (IRE)"	"20.00"	"53.09"	"Handicap"	"17"	"24"	"Geoghegan, C P"	"OLeary, Gerard"	"6f "	"4"	"9"
"12:00:00"	"2007-11-10"	"Doncaster"	"Grimes Faith"	"18.00"	"0"	"Handicap"	"3"	"21"	"Morris, Luke"	"Ryan, K A"	"7f "	"4"	"26"
"15:25:00"	"2007-10-26"	"Doncaster"	"High Curragh"	"33.00"	"0"	"Handicap"	"15"	"22"	"Mullen, Andrew"	"Ryan, K A"	"6f "	"4"	"35"
"15:05:00"	"2007-10-24"	"Navan"	"Teachers Choice (IRE)"	"6.50"	"0"	"Handicap"	"10"	"20"	"Brennan, I J"	"McGuinness, Adrian"	"5f "	"4"	"3"
"14:25:00"	"2007-10-21"	"Curragh"	"Nastrelli (IRE)"	"12.00"	"0"	"Handicap"	"9"	"21"	"Cleary, R P"	"Halford, M"	"6f "	"4"	"9"
"14:25:00"	"2007-10-21"	"Curragh"	"Tajneed (IRE)"	"14.00"	"0"	"Handicap"	"21"	"21"	"Gorey, S M"	"Weld, D K"	"6f "	"4"	"43"
"16:40:00"	"2007-09-21"	"Ayr"	"High Curragh"	"40.00"	"0"	"Handicap"	"16"	"26"	"Mullen, Andrew"	"Ryan, K A"	"6f "	"4"	"3"
"17:10:00"	"2007-08-03"	"Goodwood"	"Mujood"	"25.00"	"0"	"Handicap"	"6"	"27"	"Carson, Stephen"	"Houghton, Eve Johnson"	"6f "	"4"	"6"
"14:50:00"	"2007-07-29"	"Ascot"	"Stoneacre Lad (IRE)"	"66.00"	"0"	"Handicap"	"1"	"24"	"Queally, T P"	"Grayson, Peter"	"5f "	"4"	"13"
"15:45:00"	"2007-07-28"	"Ascot"	"Racer Forever (USA)"	"10.00"	"0"	"Handicap"	"2"	"27"	"Fortune, Jimmy"	"Gosden, J H M"	"7f "	"4"	"15"
"15:45:00"	"2007-07-28"	"Ascot"	"Mujood"	"80.00"	"0"	"Handicap"	"23"	"27"	"OBrien, Thomas"	"Houghton, Eve Johnson"	"7f "	"4"	"23"
"16:20:00"	"2007-06-20"	"Ascot"	"Royal Oath (USA)"	"9.00"	"0"	"Handicap"	"1"	"26"	"Fortune, Jimmy"	"Gosden, J H M"	"1m "	"4"	"45"
"16:20:00"	"2007-06-20"	"Ascot"	"Prince Of Light (IRE)"	"25.00"	"0"	"Handicap"	"15"	"26"	"Fanning, Joe"	"Johnston, M"	"1m "	"4"	"23"
"14:30:00"	"2006-10-22"	"Curragh"	"King Of Tory (IRE)"	"10.00"	"0"	"Handicap"	"4"	"20"	"Hayes, C D"	"Lynam, Edward"	"6f "	"4"	"43"
"16:55:00"	"2006-10-13"	"Newmarket (Rowley)"	"Salinja (USA)"	"18.00"	"0"	"Handicap"	"2"	"20"	"Fortune, Jimmy"	"Perrett, Mrs A J"	"1m "	"4"	"13"
"16:35:00"	"2006-10-06"	"York"	"Elkhorn"	"4.50"	"0"	"Handicap"	"7"	"20"	"Eaves, Tom"	"Camacho, Miss J A"	"5f "	"4"	"6"
"16:35:00"	"2006-09-30"	"Redcar"	"Elkhorn"	"2.50"	"0"	"Handicap"	"1"	"21"	"Eaves, Tom"	"Camacho, Miss J A"	"5f "	"4"	"10"
"16:30:00"	"2006-09-15"	"Ayr"	"Gifted Gamble"	"33.00"	"0"	"Handicap"	"18"	"26"	"Callan, N"	"Ryan, K A"	"6f "	"4"	"104"
"14:40:00"	"2006-07-30"	"Ascot"	"Graze On"	"33.00"	"0"	"Handicap"	"12"	"23"	"McCarthy, Adrian"	"Harris, R A"	"5f "	"4"	"15"
"16:25:00"	"2006-06-24"	"Ascot"	"Distinctly Game"	"100.00"	"0"	"Handicap"	"28"	"28"	"Fanning, Joe"	"Ryan, K A"	"6f "	"4"	"14"
"16:50:00"	"2006-06-17"	"York"	"Loaderfun (IRE)"	"33.00"	"0"	"Handicap"	"18"	"20"	"Nolan, D"	"Wilson, N"	"6f "	"4"	"15"
"15:50:00"	"2006-05-06"	"Newmarket (Rowley)"	"Tanforan"	"25.00"	"0"	"Handicap"	"17"	"26"	"Henry, Matthew"	"McAuliffe, K"	"6f "	"4"	"5"
"15:50:00"	"2006-05-06"	"Newmarket (Rowley)"	"Kings Gait"	"20.00"	"0"	"Handicap"	"20"	"26"	"Darley, K"	"Easterby, T D"	"6f "	"4"	"17"
"16:30:00"	"2005-10-07"	"York"	"Divine Spirit (OLD)"	"10.00"	"0"	"Handicap"	"10"	"20"	"Lynch, Fergal"	"Dods, M"	"5f "	"4"	"21"
"15:40:00"	"2005-09-28"	"Newcastle"	"Bridgewater Boys"	"16.00"	"0"	"Handicap"	"13"	"20"	"Mullen, Andrew"	"Ryan, K A"	"1m "	"4"	"13"
"15:50:00"	"2005-09-16"	"Newbury"	"Farewell Gift"	"14.00"	"0"	"Handicap"	"10"	"22"	"Moore, Ryan"	"Hannon, R"	"7f "	"4"	"18"
"15:50:00"	"2005-09-16"	"Newbury"	"Dr Thong"	"16.00"	"0"	"Handicap"	"16"	"22"	"Durcan, Ted"	"Cole, P F I"	"7f "	"4"	"25"
"14:30:00"	"2005-09-16"	"Ayr"	"Border Music"	"9.00"	"0"	"Handicap"	"9"	"28"	"Mullen, Richard"	"Balding, A M"	"6f "	"4"	"13"
"14:30:00"	"2005-09-16"	"Ayr"	"Primo Way"	"40.00"	"0"	"Handicap"	"16"	"28"	"Culhane, Tony"	"Semple, I"	"6f "	"4"	"12"
"14:30:00"	"2005-09-16"	"Ayr"	"Bo McGinty (IRE)"	"16.00"	"0"	"Handicap"	"18"	"28"	"Hanagan, Paul"	"Fahey, R A"	"6f "	"4"	"5"
"17:05:00"	"2005-08-27"	"York"	"Bo McGinty (IRE)"	"12.00"	"0"	"Handicap"	"9"	"20"	"Parkin, Gyles"	"Fahey, R A"	"6f "	"4"	"11"
"16:45:00"	"2005-08-16"	"York"	"Bo McGinty (IRE)"	"20.00"	"0"	"Handicap"	"2"	"20"	"Jones, Lisa"	"Fahey, R A"	"6f "	"4"	"5"
"15:15:00"	"2005-08-13"	"Ripon"	"Russian Symphony (USA)"	"20.00"	"0"	"Handicap"	"16"	"23"	"Havlin, Robert"	"Egerton, C R"	"6f "	"4"	"5"
"15:45:00"	"2005-07-23"	"Newbury"	"Appalachian Trail (IRE)"	"50.00"	"0"	"Handicap"	"6"	"24"	"Egan, John"	"Semple, I"	"7f "	"4"	"16"
"21:00:00"	"2005-07-15"	"Newmarket (July)"	"Admiral Compton"	"14.00"	"0"	"Handicap"	"6"	"20"	"Quinn, Amir"	"Boyle, J R"	"1m "	"4"	"24"
"20:05:00"	"2005-05-07"	"Thirsk"	"Distant Times"	"40.00"	"0"	"Handicap"	"15"	"20"	"Allan, David"	"Easterby, T D"	"6f "	"4"	"14"
"15:45:00"	"2005-04-30"	"Newmarket (Rowley)"	"Rydal (USA)"	"33.00"	"0"	"Handicap"	"11"	"30"	"Mullen, Richard"	"Butler, G A"	"6f "	"4"	"30"
"15:20:00"	"2005-04-02"	"Doncaster"	"Appalachian Trail (IRE)"	"18.00"	"0"	"Handicap"	"10"	"22"	"Eaves, Tom"	"Semple, I"	"1m "	"4"	"21"
"14:20:00"	"2005-04-01"	"Doncaster"	"Arkholme"	"20.00"	"0"	"Handicap"	"13"	"22"	"Keniry, L P"	"Winkworth, P"	"1m "	"4"	"137"
"17:10:00"	"2004-10-27"	"Yarmouth"	"Mandarin Spirit (IRE) (OLD)"	"14.00"	"0"	"Handicap"	"3"	"20"	"Urbina, Oscar"	"Chung, G C H"	"7f "	"4"	"18"
"15:55:00"	"2004-10-02"	"Newmarket (Rowley)"	"El Coto"	"40.00"	"0"	"Handicap"	"9"	"32"	"Gibbons, Graham"	"McMahon, B A"	"1m1f "	"4"	"44"
"14:40:00"	"2004-09-16"	"Ayr"	"Kings College Boy"	"14.00"	"0"	"Handicap"	"4"	"26"	"Gibson, Dale"	"Fahey, R A"	"5f "	"4"	"5"
"16:45:00"	"2004-09-09"	"Doncaster"	"Borrego (IRE)"	"25.00"	"0"	"Handicap"	"1"	"21"	"Hitchcott, Sam"	"Brittain, C E"	"7f "	"4"	"7"
"15:35:00"	"2004-07-31"	"Goodwood"	"Coconut Penang (IRE)"	"20.00"	"0"	"Handicap"	"25"	"28"	"Whitworth, Simon"	"Chapple-Hyam, P W"	"6f "	"4"	"23"
"17:35:00"	"2004-07-30"	"Goodwood"	"Romany Nights (IRE)"	"40.00"	"0"	"Handicap"	"5"	"26"	"Sweeney, Fergus"	"Unett, J W"	"6f "	"4"	"9"
"15:45:00"	"2004-07-24"	"Ascot"	"New Seeker"	"7.00"	"0"	"Handicap"	"6"	"21"	"Spencer, Jamie"	"Cox, C G"	"7f "	"4"	"14"
"15:45:00"	"2004-07-24"	"Ascot"	"El Coto"	"14.00"	"0"	"Handicap"	"20"	"21"	"Sanders, Seb"	"McMahon, B A"	"7f "	"4"	"16"
"13:20:00"	"2004-07-06"	"Newmarket (July)"	"Tiber Tiger (IRE)"	"33.00"	"0"	"Handicap"	"19"	"20"	"Guillambert, J-P"	"Littmoden, N P"	"1m "	"4"	"13"
"16:35:00"	"2004-06-12"	"York"	"Mr Malarkey (IRE)"	"12.00"	"0"	"Handicap"	"3"	"20"	"Murtagh, J"	"Dunnett, Mrs C A"	"6f "	"4"	"14"
"15:30:00"	"2004-06-05"	"Epsom"	"Boston Lodge"	"16.00"	"0"	"Handicap"	"13"	"20"	"Kinane, M J"	"Butler, G A"	"5f "	"4"	"1"
"14:35:00"	"2004-05-23"	"Curragh"	"Annamoe Boy"	"20.00"	"0"	"Handicap"	"23"	"30"	"Murphy, D A"	"Prendergast, Kevin"	"6f "	"4"	"14"
"14:45:00"	"2004-05-22"	"Ascot"	"Captain Saif"	"25.00"	"0"	"Handicap"	"16"	"20"	"Moore, Ryan"	"Hannon, R"	"7f "	"4"	"4"
"17:00:00"	"2004-05-01"	"Thirsk"	"Raymonds Pride"	"7.50"	"0"	"Handicap"	"4"	"20"	"Eaves, Tom"	"Ryan, K A"	"5f "	"4"	"5"
"15:30:00"	"2004-05-01"	"Newmarket (Rowley)"	"Mr Malarkey (IRE)"	"25.00"	"0"	"Handicap"	"10"	"30"	"McLaughlin, T G"	"Dunnett, Mrs C A"	"6f "	"4"	"7"
"18:20:00"	"2004-04-26"	"Newcastle"	"Raymonds Pride"	"9.00"	"0"	"Handicap"	"1"	"20"	"Eaves, Tom"	"Ryan, K A"	"6f "	"4"	"6"
"14:45:00"	"2004-03-27"	"Doncaster"	"Flighty Fellow (IRE)"	"25.00"	"0"	"Handicap"	"15"	"24"	"Sanders, Seb"	"Easterby, T D"	"1m "	"4"	"169"
"13:55:00"	"2003-11-07"	"Doncaster"	"Catch The Cat (IRE)"	"12.00"	"0"	"Handicap"	"9"	"22"	"Winston, Robert"	"Wainwright, J S"	"5f "	"4"	"4"
"13:55:00"	"2003-11-07"	"Doncaster"	"Wicked Uncle"	"2.75"	"0"	"Handicap"	"13"	"22"	"Dettori, L"	"Gollings, S"	"5f "	"4"	"2"
"16:05:00"	"2003-11-01"	"Newmarket (Rowley)"	"Eastern Hope (IRE)"	"33.00"	"0"	"Handicap"	"13"	"20"	"Ahern, Eddie"	"Stubbs, Mrs L"	"7f "	"4"	"4"
"14:45:00"	"2003-10-22"	"Newcastle"	"Dizzy In The Head"	"33.00"	"0"	"Handicap"	"19"	"20"	"OReilly, James"	"OReilly, J"	"6f "	"4"	"40"
"15:25:00"	"2003-10-17"	"Newmarket (Rowley)"	"Sattam (OLD)"	"7.00"	"0"	"Handicap"	"8"	"21"	"Hills, R"	"Tregoning, M P"	"7f "	"4"	"31"
"15:25:00"	"2003-10-17"	"Newmarket (Rowley)"	"Rafferty (IRE) (OLD)"	"25.00"	"0"	"Handicap"	"19"	"21"	"Doyle, Brett"	"Brittain, C E"	"7f "	"4"	"13"
"15:35:00"	"2003-10-04"	"Newmarket (Rowley)"	"Goblet Of Fire (USA)"	"100.00"	"0"	"Handicap"	"11"	"34"	"Smullen, P J"	"Meehan, B J"	"1m1f "	"4"	"22"
"15:35:00"	"2003-10-04"	"Newmarket (Rowley)"	"Rafferty (IRE) (OLD)"	"66.00"	"0"	"Handicap"	"29"	"34"	"Supple, W J"	"Brittain, C E"	"1m1f "	"4"	"21"
"17:10:00"	"2003-09-12"	"Doncaster"	"Dizzy In The Head"	"40.00"	"0"	"Handicap"	"12"	"21"	"Bramhill, J"	"OReilly, J"	"5f "	"4"	"8"
"16:20:00"	"2003-06-18"	"Ascot"	"Perfect Storm"	"33.00"	"0"	"Handicap"	"21"	"32"	"Darley, K"	"Blanshard, M"	"1m "	"4"	"17"
"16:20:00"	"2003-06-18"	"Ascot"	"Internationalguest (IRE)"	"100.00"	"0"	"Handicap"	"28"	"32"	"Robinson, Philip"	"Margarson, G G"	"1m "	"4"	"26"
"14:10:00"	"2003-06-13"	"York"	"Secret Spoof"	"40.00"	"0"	"Handicap"	"15"	"20"	"Allan, David"	"Easterby, T D"	"5f "	"4"	"21"
"17:35:00"	"2003-06-12"	"Yarmouth"	"Pinchbeck"	"12.00"	"0"	"Handicap"	"5"	"20"	"Robinson, Philip"	"Jarvis, M A"	"6f "	"4"	"17"
"16:15:00"	"2003-05-26"	"Leicester"	"J M W Turner"	"12.00"	"0"	"Handicap"	"9"	"20"	"Guillambert, J-P"	"Littmoden, N P"	"6f "	"4"	"79"
"14:55:00"	"2003-04-22"	"Newcastle"	"Dizzy In The Head"	"16.00"	"0"	"Handicap"	"5"	"20"	"Duffield, G"	"OReilly, J"	"5f "	"4"	"175"
"15:55:00"	"2003-04-21"	"Newcastle"	"Mafruz"	"14.00"	"0"	"Handicap"	"3"	"20"	"Williams, Darren"	"Fahey, R A"	"1m "	"4"	"170"
"14:05:00"	"2003-04-12"	"Newbury"	"Climate (IRE) (OLD)"	"25.00"	"0"	"Handicap"	"19"	"25"	"Dobbs, Pat"	"Hannon, R"	"1m "	"4"	"262"
"14:55:00"	"2003-03-21"	"Doncaster"	"Jewel Of India"	"14.00"	"0"	"Handicap"	"8"	"24"	"Drowne, Steve"	"Hobbs, P J / White, J"	"1m "	"4"	"24"
 